id,y_true,y_pred,prob_neg,prob_pos,correct
0,0,0,0.7226249,0.54228765,1
1,0,0,0.84859616,0.22151907,1
2,0,1,0.51581806,0.6551154,0
3,1,0,0.61201984,0.35097733,0
4,0,0,0.65246284,0.51053464,1
5,0,0,0.8233284,0.24689633,1
6,1,0,0.52736217,0.35734323,0
7,1,1,0.2193375,0.7314424,1
8,1,1,0.34620968,0.48096627,1
9,1,1,0.2165081,0.9564718,1
10,0,0,0.6050992,0.57600546,1
11,1,0,0.6208515,0.31552503,0
12,1,1,0.2260994,0.7641884,1
13,0,1,0.42895088,0.60667324,0
14,0,0,0.75036985,0.27786472,1
15,1,1,0.18683577,0.7148271,1
16,0,0,0.75815266,0.43320203,1
17,0,0,0.86130506,0.33742183,1
18,0,0,0.566858,0.49904108,1
19,0,0,0.572185,0.47072142,1
20,1,1,0.3648907,0.85989916,1
21,1,1,0.43656197,0.7823301,1
22,0,1,0.4173902,0.71977776,0
23,1,0,0.71233225,0.2670257,0
24,0,1,0.25534368,0.7972413,0
25,0,0,0.79310596,0.5759458,1
26,1,0,0.558327,0.48980853,0
27,1,0,0.5684757,0.46389958,0
28,0,1,0.60929173,0.724578,0
29,1,1,0.18847328,0.91550726,1
30,1,0,0.8119744,0.46742296,0
31,0,0,0.62240195,0.3697701,1
32,1,0,0.91274774,0.107250325,0
33,1,1,0.10356715,0.88563144,1
34,0,1,0.5150101,0.77864933,0
35,0,0,0.5258254,0.40450743,1
36,0,0,0.62452257,0.4241734,1
37,1,1,0.15215819,0.7180016,1
38,1,0,0.68489665,0.44673607,0
39,0,1,0.48134714,0.5140878,0
40,1,0,0.74186105,0.6562178,0
41,0,0,0.6710396,0.20545557,1
42,0,0,0.80654806,0.54192406,1
43,1,1,0.16079243,0.8814109,1
44,1,0,0.66671383,0.3800109,0
45,1,0,0.65235215,0.46402106,0
46,0,1,0.53549314,0.58593065,0
47,1,1,0.59366816,0.6024125,1
48,0,1,0.31405056,0.6928498,0
49,1,0,0.66115755,0.38751647,0
50,1,1,0.4369223,0.5568816,1
51,1,1,0.36296922,0.7942254,1
52,0,0,0.67179364,0.66017234,1
53,1,1,0.354098,0.5647587,1
54,0,0,0.68320817,0.50180817,1
55,1,1,0.39315197,0.69191384,1
56,1,0,0.6004226,0.37805718,0
57,1,0,0.73848057,0.2689414,0
58,1,1,0.60626537,0.6727618,1
59,1,1,0.52724046,0.624637,1
60,1,0,0.50491697,0.43284237,0
61,0,0,0.61201984,0.31310463,1
62,1,0,0.65190905,0.50985587,0
63,1,1,0.35767972,0.6719013,1
64,0,0,0.61254144,0.5435297,1
65,1,1,0.3427915,0.82587075,1
66,0,1,0.48236817,0.4990549,0
67,0,1,0.5104508,0.58029264,0
68,1,0,0.67329913,0.36965632,0
69,0,0,0.6513549,0.47234878,1
70,0,0,0.5637383,0.43416142,1
71,0,0,0.6202192,0.5110456,1
72,1,1,0.111821815,0.8881781,1
73,1,1,0.4775542,0.5205725,1
74,0,1,0.21850258,0.91022676,0
75,1,0,0.5943747,0.4870558,0
76,1,1,0.44146228,0.8238959,1
77,0,1,0.3879222,0.7716715,0
78,0,1,0.35175627,0.81873685,0
79,0,0,0.62509483,0.57296175,1
80,0,0,0.8940517,0.25701845,1
81,1,1,0.07043161,0.97068775,1
82,1,1,0.46996114,0.86281466,1
83,1,1,0.08663207,0.9078038,1
84,0,1,0.39367634,0.73392886,0
85,1,0,0.6977119,0.549278,0
86,0,0,0.6769403,0.5934915,1
87,0,0,0.6454552,0.54570943,1
88,0,1,0.5934915,0.8451773,0
89,1,0,0.7999117,0.4046251,0
90,0,1,0.34864515,0.70344764,0
91,1,1,0.36003888,0.88543355,1
92,0,0,0.8071568,0.34048516,1
93,0,1,0.46389958,0.70140636,0
94,0,1,0.4066852,0.6621414,0
95,1,1,0.53397465,0.7240906,1
96,1,1,0.38144997,0.43128473,1
97,1,1,0.5107558,0.81257004,1
98,1,1,0.48569876,0.6315943,1
99,1,1,0.3835836,0.6807725,1
100,1,1,0.17582092,0.9242787,1
101,1,1,0.40644962,0.51318055,1
102,0,0,0.74945414,0.31689754,1
103,0,0,0.71562284,0.6077214,1
104,1,1,0.2211824,0.66399586,1
105,0,1,0.44930202,0.57427543,0
106,1,0,0.61998916,0.4174496,0
107,0,0,0.66432256,0.28706777,1
108,0,0,0.5127307,0.42841277,1
109,1,0,0.67854,0.4242927,0
110,0,0,0.66323286,0.28358296,1
111,1,0,0.6237207,0.61398906,0
112,0,0,0.5056226,0.36127737,1
113,0,1,0.6951311,0.7047701,0
114,0,0,0.74539834,0.4995937,1
115,1,1,0.337531,0.67017674,1
116,1,1,0.52542967,0.529233,1
117,0,1,0.3484234,0.6875251,0
118,0,0,0.62749475,0.5148882,1
119,1,0,0.6581978,0.5685356,0
120,0,1,0.2485342,0.8293538,0
121,0,0,0.57242405,0.43608162,1
122,0,0,0.60100824,0.41572884,1
123,0,0,0.71133065,0.37851653,1
124,1,0,0.6279512,0.5354628,0
125,0,1,0.42859206,0.60888475,0
126,1,1,0.13420755,0.8824279,1
127,1,1,0.24689633,0.67437226,1
128,0,0,0.71233225,0.450994,1
129,0,0,0.7844842,0.1877276,1
130,1,1,0.39507583,0.7044652,1
131,1,1,0.10320505,0.9280184,1
132,1,1,0.3966523,0.69233006,1
133,0,0,0.8407826,0.2425643,1
134,0,0,0.5292634,0.36772427,1
135,0,0,0.6556668,0.34798014,1
136,1,1,0.17881244,0.661267,1
137,1,1,0.27405986,0.83128005,1
138,0,1,0.3965355,0.5494291,0
139,1,0,0.66443145,0.4981251,0
140,1,0,0.6270382,0.5941392,0
141,1,1,0.3598139,0.53345823,1
142,1,1,0.5382855,0.65907604,1
143,0,0,0.7839885,0.2693256,1
144,1,0,0.77797526,0.39495915,0
145,0,1,0.4482451,0.6207366,0
146,1,1,0.4581063,0.58005476,1
147,0,0,0.60112536,0.48026538,1
148,0,0,0.65168744,0.2594502,1
149,0,0,0.787768,0.5634981,1
150,1,0,0.7290378,0.31289464,0
151,1,0,0.617628,0.5589891,0
152,1,0,0.7518304,0.27279878,0
153,0,1,0.67179364,0.69863796,0
154,1,1,0.2635994,0.8656789,1
155,0,0,0.54304504,0.3777128,1
156,1,1,0.15974101,0.8623516,1
157,1,1,0.4074513,0.6714706,1
158,1,1,0.21125406,0.75617754,1
159,1,0,0.8923751,0.07779745,0
160,0,1,0.4599553,0.7322091,0
161,0,1,0.45165908,0.70232594,0
162,1,1,0.31058982,0.8467045,1
163,0,0,0.908618,0.14804721,1
164,1,0,0.6119039,0.36319506,0
165,0,0,0.6425446,0.3244494,1
166,0,0,0.5798763,0.37182066,1
167,1,1,0.35376304,0.5244708,1
168,1,1,0.37216285,0.6556668,1
169,1,0,0.7516481,0.4318837,0
170,1,1,0.26020145,0.74945414,1
171,0,1,0.4181622,0.490045,0
172,0,0,0.67875296,0.53740555,1
173,1,0,0.8962514,0.3339375,0
174,1,0,0.5663184,0.39425927,0
175,0,1,0.2689414,0.62897736,0
176,1,0,0.5825504,0.17092276,0
177,1,0,0.4786202,0.39047584,0
178,1,1,0.3974706,0.74853617,1
179,0,1,0.5065495,0.566798,0
180,0,0,0.7200731,0.31299964,1
181,1,0,0.55154353,0.5155513,0
182,1,1,0.63476974,0.70821255,1
183,1,0,0.7615385,0.5275143,0
184,1,1,0.36636302,0.86669767,1
185,1,1,0.2024432,0.84221536,1
186,1,1,0.4523545,0.6414224,1
187,0,0,0.7973991,0.58195657,1
188,1,1,0.46474972,0.55184543,1
189,0,0,0.7699463,0.24238491,1
190,1,0,0.6313671,0.34323168,0
191,1,1,0.41229352,0.89218736,1
192,1,1,0.4225642,0.55377674,1
193,1,1,0.57230455,0.7496374,1
194,0,0,0.83031917,0.31827322,1
195,1,1,0.35220176,0.74632394,1
196,1,0,0.64321727,0.3338289,0
197,0,0,0.8010035,0.11536139,1
198,1,1,0.14330755,0.93558234,1
199,0,0,0.5442261,0.38173804,1
200,0,0,0.6918098,0.5669179,1
201,0,0,0.5818378,0.4210756,1
202,0,0,0.879043,0.12700157,1
203,1,0,0.7565375,0.3889661,0
204,1,1,0.48328263,0.6681228,1
205,1,1,0.2923932,0.67490816,1
206,1,1,0.2844766,0.8020909,1
207,1,1,0.16398025,0.682891,1
208,1,0,0.6493563,0.49470156,0
209,1,0,0.648355,0.51354647,0
210,1,1,0.5153074,0.63091236,1
211,0,0,0.6334103,0.47807196,1
212,1,0,0.60515755,0.4151952,0
213,0,0,0.7932662,0.20641373,1
214,0,0,0.5905431,0.3956595,1
215,0,0,0.8175745,0.1274353,1
216,1,1,0.18417983,0.96131647,1
217,1,1,0.15830442,0.8879841,1
218,0,1,0.24041775,0.8031738,0
219,0,0,0.8789391,0.073963374,1
220,1,1,0.25515804,0.7967673,1
221,0,0,0.56529874,0.24328269,1
222,1,1,0.4241734,0.6181467,1
223,1,1,0.28388065,0.5784482,1
224,1,1,0.24999619,0.89478946,1
225,0,0,0.76611876,0.3777128,1
226,1,1,0.5138743,0.69564825,1
227,1,0,0.5917822,0.43764323,0
228,0,0,0.5876473,0.54540676,1
229,1,1,0.2590751,0.8272706,1
230,0,0,0.6572085,0.3124749,1
231,1,1,0.27992693,0.8940517,1
232,1,1,0.49113554,0.6873153,1
233,1,1,0.45247546,0.6551154,1
234,0,1,0.33785862,0.42196864,0
235,1,1,0.3929773,0.5451949,1
236,1,0,0.47939703,0.2672169,0
237,1,1,0.42071855,0.7749242,1
238,1,0,0.9034647,0.1852092,0
239,1,0,0.9105454,0.15140381,0
240,0,0,0.4869872,0.39987028,1
241,0,0,0.64790964,0.5032024,1
242,1,1,0.3273457,0.55793566,1
243,0,1,0.64991194,0.65290564,0
244,1,1,0.28288904,0.6573185,1
245,1,1,0.07585818,0.8498466,1
246,1,1,0.5279098,0.7629543,1
247,0,1,0.17384854,0.82460326,0
248,1,1,0.515033,0.6064984,1
249,0,0,0.62108135,0.5525699,1
250,0,0,0.8307315,0.38029853,1
251,1,0,0.7718435,0.5333975,0
252,0,1,0.5202983,0.7306744,0
253,1,0,0.8352149,0.20979328,0
254,1,0,0.54948956,0.439597,0
255,1,1,0.6044573,0.6702846,1
256,1,0,0.7371582,0.26020145,0
257,1,0,0.6751224,0.5843305,0
258,0,0,0.8546422,0.40022182,1
259,1,1,0.3994016,0.7107287,1
260,0,1,0.36105207,0.5701518,0
261,0,0,0.5378001,0.48661363,1
262,1,0,0.6663882,0.35532737,0
263,1,0,0.57110894,0.48072246,0
264,1,1,0.3448846,0.7153246,1
265,0,0,0.5398324,0.45277786,1
266,1,1,0.19651763,0.9076402,1
267,0,0,0.6145675,0.3332862,1
268,0,1,0.4467059,0.6910806,0
269,1,0,0.48313016,0.25238407,0
270,1,1,0.3762793,0.61312073,1
271,1,0,0.8241791,0.1161611,0
272,0,0,0.6894102,0.4639603,1
273,1,1,0.19651763,0.7439129,1
274,0,0,0.7620701,0.3477586,1
275,0,0,0.53795177,0.4368022,1
276,0,0,0.6252093,0.29168653,1
277,0,0,0.88523525,0.23161423,1
278,1,1,0.4228025,0.74927074,1
279,0,0,0.728362,0.11899801,1
280,1,0,0.68951476,0.56973296,0
281,1,1,0.24400254,0.69637144,1
282,0,0,0.7611836,0.27386558,1
283,1,1,0.37828678,0.6298884,1
284,0,1,0.46013728,0.5787458,0
285,0,1,0.65168744,0.68920106,0
286,1,1,0.3655699,0.55362594,1
287,1,0,0.5992507,0.44749048,0
288,1,1,0.4996519,0.6364661,1
289,1,1,0.30197924,0.8938666,1
290,1,1,0.2982869,0.88523525,1
291,0,1,0.40650856,0.6710396,0
292,0,0,0.7567173,0.34643072,1
293,1,1,0.5118996,0.6735138,1
294,1,1,0.39030153,0.85269034,1
295,0,1,0.60346454,0.7401744,0
296,1,1,0.23775287,0.8818186,1
297,0,1,0.4290705,0.7759446,0
298,0,0,0.5990747,0.3963602,1
299,0,0,0.7862948,0.20497775,1
300,1,0,0.76803803,0.48352647,0
301,1,1,0.40904373,0.6050992,1
302,0,0,0.5507282,0.34411272,1
303,1,1,0.30964965,0.81242126,1
304,1,1,0.5069308,0.81859183,1
305,0,1,0.4932827,0.5011835,0
306,1,0,0.45093358,0.37926343,0
307,0,0,0.7657686,0.5377697,1
308,0,0,0.6089429,0.5604331,1
309,0,1,0.46956584,0.74316806,0
310,1,1,0.48748282,0.54731286,1
311,1,0,0.7756048,0.24508505,0
312,1,0,0.60865223,0.5717666,0
313,1,1,0.4073334,0.63770795,1
314,1,1,0.23775287,0.55311304,1
315,0,1,0.3760501,0.6703925,0
316,1,0,0.569314,0.39321026,0
317,1,0,0.41929123,0.34698373,0
318,0,0,0.7439129,0.65013415,1
319,0,1,0.44619307,0.4937023,0
320,1,0,0.55802596,0.48355696,0
321,1,0,0.8393393,0.35846534,0
322,0,0,0.75346667,0.28897023,1
323,0,1,0.4318837,0.6550051,0
324,1,0,0.84363765,0.2481696,0
325,1,0,0.5955514,0.573141,0
326,0,0,0.6677979,0.42859206,1
327,0,0,0.8609547,0.33317766,1
328,0,0,0.7523766,0.5837373,1
329,1,1,0.4489396,0.8118252,1
330,1,1,0.42895088,0.6180315,1
331,1,0,0.81257004,0.40721554,0
332,1,1,0.24689633,0.692122,1
333,0,0,0.57910293,0.5307078,1
334,1,1,0.36965632,0.6131787,1
335,1,1,0.4369223,0.6982266,1
336,1,1,0.3549919,0.5233899,1
337,1,1,0.3094409,0.8912444,1
338,0,1,0.40086663,0.6594051,0
339,1,1,0.22135067,0.8451773,1
340,0,0,0.6531269,0.38444984,1
341,1,0,0.7916601,0.16803622,0
342,0,0,0.67265433,0.46842587,1
343,0,1,0.54177254,0.6222298,0
344,0,0,0.58041155,0.45117536,1
345,1,1,0.48667464,0.5798168,1
346,0,1,0.24023944,0.8062431,0
347,1,1,0.46056184,0.77149934,1
348,0,0,0.55335444,0.49724966,1
349,0,0,0.81873685,0.22832854,1
350,1,1,0.123471275,0.9300782,1
351,0,1,0.6722241,0.7010995,0
352,1,0,0.426441,0.42357722,0
353,1,0,0.83318895,0.36534348,0
354,1,0,0.7756048,0.2959416,0
355,1,1,0.48025015,0.6535693,1
356,0,1,0.4147803,0.7136312,0
357,1,1,0.3504214,0.6827853,1
358,0,1,0.45226374,0.5289288,0
359,0,1,0.43212333,0.7745834,0
360,1,1,0.30777398,0.6489114,1
361,0,1,0.42006418,0.55154353,0
362,1,1,0.48085958,0.5940215,1
363,1,1,0.09518112,0.9205043,1
364,0,1,0.4344613,0.54649615,0
365,1,0,0.70578504,0.29533154,0
366,0,0,0.62749475,0.2769838,1
367,0,1,0.38306415,0.7893961,0
368,0,0,0.56064355,0.44492647,1
369,1,1,0.50144005,0.5823723,1
370,1,1,0.44637403,0.6329566,1
371,0,1,0.3991674,0.62452257,0
372,1,0,0.45737904,0.41282606,0
373,0,0,0.6460137,0.26817408,1
374,0,0,0.7352617,0.29777616,1
375,0,0,0.8596637,0.21223204,1
376,0,0,0.69987017,0.3745619,1
377,0,0,0.7216451,0.32993123,1
378,0,0,0.5967269,0.55769473,1
379,1,0,0.84428066,0.39350155,0
380,1,1,0.30218512,0.6758716,1
381,1,1,0.6295469,0.7422349,1
382,1,0,0.8161134,0.5443473,0
383,0,0,0.7559974,0.2979804,1
384,0,0,0.7615385,0.3444434,1
385,0,1,0.34257153,0.62874943,0
386,0,0,0.62555254,0.30766994,1
387,1,1,0.27067298,0.8454327,1
388,1,0,0.66061044,0.3436721,0
389,0,1,0.3811044,0.852199,0
390,1,1,0.26038948,0.87810534,1
391,1,1,0.119202934,0.9364014,1
392,1,0,0.7164171,0.48575974,0
393,0,1,0.39729518,0.64097303,0
394,0,1,0.64288104,0.7004852,0
395,1,1,0.22627032,0.75689703,1
396,0,0,0.7647159,0.33036315,1
397,0,0,0.78727776,0.22884515,1
398,0,0,0.7525585,0.4747225,1
399,1,1,0.50801784,0.67168593,1
400,1,1,0.18922126,0.80746067,1
401,1,0,0.7079098,0.30424836,0
402,1,1,0.48893917,0.61941373,1
403,0,1,0.38670555,0.39501747,0
404,1,0,0.46453714,0.37479073,0
405,1,1,0.23283306,0.84619683,1
406,1,1,0.54319644,0.6311397,1
407,0,0,0.76506716,0.309754,1
408,1,1,0.2635994,0.76242405,1
409,0,1,0.6001298,0.70568365,0
410,1,1,0.21816926,0.6761924,1
411,0,0,0.6887825,0.63849723,1
412,0,0,0.8042522,0.4086897,1
413,0,1,0.42829317,0.5898345,0
414,1,1,0.33036315,0.83318895,1
415,1,1,0.40621406,0.517007,1
416,1,0,0.6753365,0.23039985,0
417,1,0,0.6699608,0.2947222,0
418,0,0,0.6109178,0.55202657,1
419,1,1,0.2354598,0.7028361,1
420,0,0,0.6328432,0.465509,1
421,0,0,0.42590368,0.41258934,1
422,1,1,0.57773364,0.7570767,1
423,1,0,0.61705124,0.32177958,0
424,1,1,0.5443473,0.7213508,1
425,1,0,0.80286485,0.3773112,0
426,0,0,0.81873685,0.37754068,1
427,0,0,0.50300026,0.44773188,1
428,0,0,0.7761143,0.2639787,1
429,1,0,0.76082844,0.5454673,0
430,1,1,0.36139008,0.6164164,1
431,0,1,0.55048656,0.57666117,0
432,1,0,0.76594365,0.32917604,0
433,0,0,0.7565375,0.52634275,1
434,1,0,0.6737286,0.583144,0
435,0,0,0.6556668,0.4870406,1
436,1,0,0.7010995,0.3992845,0
437,0,0,0.4706758,0.3213535,1
438,0,1,0.31806138,0.4827949,0
439,0,0,0.49756816,0.43116498,1
440,0,0,0.695855,0.35387462,1
441,1,1,0.4882148,0.6977119,1
442,0,0,0.6697448,0.44791302,1
443,1,0,0.7050748,0.40145314,0
444,1,1,0.42250463,0.64779824,1
445,0,0,0.7856377,0.16735472,1
446,0,0,0.47172514,0.41318116,1
447,1,0,0.8465777,0.4324229,0
448,1,1,0.08509905,0.8842393,1
449,0,0,0.66345096,0.39396778,1
450,1,0,0.8054792,0.28866935,0
451,1,1,0.320077,0.83508044,1
452,1,1,0.31205544,0.7516481,1
453,1,1,0.28557116,0.9092645,1
454,1,1,0.35075492,0.87321484,1
455,0,1,0.32305968,0.8748277,0
456,1,1,0.38133475,0.7816641,1
457,0,0,0.4981346,0.47860497,1
458,1,0,0.6063819,0.17314835,0
459,0,0,0.66050094,0.61149794,1
460,1,1,0.23213601,0.8100285,1
461,1,1,0.20593424,0.76611876,1
462,0,0,0.8062431,0.24328269,1
463,1,1,0.33807713,0.8587186,1
464,1,1,0.28288904,0.64556694,1
465,1,1,0.10123348,0.9158089,1
466,1,0,0.8047131,0.4365019,0
467,1,1,0.3833527,0.7932662,1
468,0,0,0.5415301,0.4210756,1
469,0,1,0.55057716,0.70150864,0
470,0,1,0.5621465,0.65555656,0
471,1,0,0.6868954,0.6062071,0
472,1,1,0.3156305,0.8728902,1
473,1,0,0.6305712,0.4851576,0
474,0,0,0.5483107,0.490045,1
475,0,1,0.40192252,0.7588682,0
476,1,1,0.6149144,0.82810634,1
477,1,1,0.5843898,0.5907202,1
478,1,0,0.7576151,0.31499797,0
479,1,0,0.70120186,0.27776676,0
480,0,0,0.44188374,0.33491564,1
481,1,1,0.33220208,0.72282064,1
482,0,0,0.53087497,0.30787802,1
483,1,1,0.5570623,0.6531269,1
484,1,1,0.42954904,0.7296161,1
485,0,0,0.72242916,0.4473094,1
486,1,1,0.46508378,0.64467263,1
487,1,0,0.8077641,0.2193375,0
488,0,1,0.36738378,0.6305712,0
489,1,1,0.3782294,0.66443145,1
490,1,1,0.3312279,0.87873113,1
491,1,0,0.5621765,0.44399214,0
492,0,0,0.8949732,0.263789,1
493,0,0,0.80286485,0.26208568,1
494,0,1,0.40474272,0.6706083,0
495,0,0,0.65423226,0.20307462,1
496,0,1,0.46979392,0.54897577,0
497,1,0,0.49646193,0.39280254,0
498,1,0,0.86350673,0.20609398,0
499,0,0,0.7704648,0.25795197,1
500,0,1,0.6117879,0.6242935,0
501,1,0,0.6508002,0.37376153,0
502,1,1,0.22422528,0.7989722,1
503,1,1,0.4622606,0.6338636,1
504,1,0,0.79975533,0.20118472,0
505,0,1,0.35689485,0.6284074,0
506,1,1,0.3143662,0.7214489,1
507,1,1,0.3709087,0.7029381,1
508,1,1,0.35108855,0.57558805,1
509,0,1,0.29685804,0.67265433,0
510,1,1,0.13150749,0.8692713,1
511,0,1,0.648355,0.66909647,0
512,0,0,0.73392886,0.38641608,1
513,0,0,0.76821196,0.4151952,1
514,1,1,0.42662016,0.75219464,1
515,0,0,0.6762993,0.40051487,1
516,1,1,0.18698418,0.8171371,1
517,0,0,0.60690624,0.5287463,1
518,1,1,0.6178586,0.674801,1
519,1,1,0.32477057,0.6631238,1
520,1,1,0.37593555,0.5363129,1
521,1,0,0.67875296,0.26189688,0
522,0,0,0.7411123,0.2622746,1
523,0,0,0.7305783,0.5095737,1
524,1,1,0.2165081,0.6398486,1
525,0,1,0.315947,0.7567173,0
526,1,1,0.44146228,0.8688268,1
527,1,1,0.5234356,0.66399586,1
528,1,0,0.72056496,0.36908767,0
529,1,0,0.5881205,0.27992693,0
530,1,0,0.64946747,0.4108154,0
531,1,1,0.5176776,0.56037295,1
532,0,0,0.7821637,0.46790916,1
533,0,0,0.60276324,0.51750994,1
534,0,0,0.73335636,0.4208376,1
535,0,1,0.48035678,0.6573185,0
536,0,0,0.7136312,0.29320207,1
537,0,0,0.63770795,0.46050116,1
538,1,0,0.56187606,0.5158333,0
539,0,0,0.59472775,0.3810468,1
540,1,0,0.8636218,0.30218512,0
541,0,0,0.74279505,0.37788498,1
542,1,1,0.40591964,0.42101613,1
543,0,0,0.6534587,0.514911,1
544,0,0,0.56949353,0.47986928,1
545,1,1,0.4431485,0.6631238,1
546,1,0,0.6238354,0.33720353,0
547,1,1,0.37662312,0.83761996,1
548,1,1,0.63397694,0.7169128,1
549,1,1,0.49916026,0.616705,1
550,1,0,0.5398627,0.4460724,0
551,1,1,0.5061185,0.6048658,1
552,1,1,0.43074587,0.5940215,1
553,0,0,0.7401744,0.39519253,1
554,1,1,0.23318209,0.88602656,1
555,1,0,0.640411,0.37857395,0
556,1,1,0.52800107,0.624179,1
557,1,1,0.21109138,0.8844391,1
558,0,0,0.664758,0.43398145,1
559,1,0,0.73278314,0.25312182,0
560,1,1,0.35566297,0.80942667,1
561,1,1,0.44706798,0.57439476,1
562,1,1,0.41970742,0.7132319,1
563,1,0,0.62658125,0.58231294,0
564,0,0,0.9144437,0.4020986,1
565,0,0,0.55084896,0.34532604,1
566,1,1,0.32156652,0.84834504,1
567,1,0,0.6884684,0.44107106,0
568,0,0,0.644337,0.37742594,1
569,0,0,0.47400722,0.45035937,1
570,1,0,0.6584175,0.42190903,0
571,1,0,0.86177105,0.3174263,0
572,0,0,0.75036985,0.45825776,1
573,1,1,0.47836125,0.6110919,1
574,1,1,0.1482937,0.66017234,1
575,1,0,0.6746938,0.3445537,0
576,1,1,0.5943159,0.60690624,1
577,1,0,0.78858316,0.44323888,0
578,1,0,0.84195566,0.33155245,0
579,1,1,0.5507282,0.7037532,1
580,1,1,0.19406214,0.820757,1
581,1,1,0.38387224,0.51994795,1
582,1,0,0.5641585,0.52034396,0
583,0,0,0.8040984,0.30860683,1
584,1,0,0.5376483,0.29982224,0
585,1,1,0.38682136,0.7776378,1
586,1,1,0.3031126,0.7692537,1
587,1,1,0.44996658,0.66519314,1
588,0,0,0.64187145,0.49104407,1
589,0,0,0.7799929,0.43686226,1
590,0,0,0.5596812,0.45762148,1
591,1,1,0.36658975,0.5986642,1
592,0,1,0.43428135,0.5192014,0
593,1,1,0.32863715,0.66909647,1
594,1,1,0.42805406,0.6226888,1
595,0,1,0.5181805,0.66104823,0
596,0,1,0.32295287,0.7394224,0
597,0,0,0.8321002,0.20370755,1
598,1,0,0.6522414,0.6345433,0
599,1,1,0.203866,0.6694208,1
600,1,1,0.39846498,0.7031419,1
601,0,0,0.6393984,0.32670093,1
602,0,1,0.4079229,0.6583077,0
603,0,1,0.55305266,0.5636182,0
604,0,0,0.68605465,0.24220563,1
605,1,1,0.39501747,0.69440633,1
606,0,0,0.69750595,0.55658036,1
607,0,1,0.39012724,0.6184348,0
608,0,0,0.7278788,0.5652388,1
609,1,1,0.5898936,0.6562178,1
610,1,0,0.8641959,0.21766995,0
611,0,0,0.8356178,0.19042274,1
612,1,1,0.5590192,0.67362124,1
613,0,1,0.3366581,0.6775807,0
614,0,1,0.5507282,0.83788544,0
615,0,1,0.31679183,0.53752697,0
616,0,1,0.5788648,0.6931615,0
617,0,0,0.5989575,0.36579645,1
618,1,0,0.65588725,0.4496645,0
619,0,0,0.75401044,0.45640978,1
620,0,0,0.6714706,0.4060963,1
621,1,1,0.47597066,0.6531269,1
622,0,0,0.46478012,0.4613201,1
623,0,0,0.5062749,0.35053253,1
624,1,1,0.29726592,0.8155265,1
625,1,1,0.1309508,0.8840393,1
626,0,0,0.64310515,0.5398931,1
627,1,0,0.5416513,0.39065018,0
628,1,0,0.70669675,0.43869498,0
629,0,0,0.60270476,0.3328523,1
630,1,1,0.55492276,0.68647516,1
631,1,1,0.24184732,0.93257624,1
632,1,1,0.5064274,0.55910957,1
633,1,0,0.73848057,0.50166225,0
634,0,0,0.6130049,0.38219908,1
635,0,1,0.5625971,0.64097303,0
636,0,0,0.487803,0.22627032,1
637,0,0,0.7331654,0.32949957,1
638,1,1,0.35970145,0.82261705,1
639,1,1,0.51641256,0.5522681,1
640,1,1,0.2863688,0.8039445,1
641,0,0,0.8265718,0.14139995,1
642,1,0,0.62234455,0.52118176,0
643,1,0,0.72603726,0.5549529,0
644,1,1,0.3366581,0.8022459,1
645,1,1,0.17638768,0.7972413,1
646,1,1,0.47890964,0.74927074,1
647,1,1,0.2664527,0.8662457,1
648,0,0,0.5634981,0.40650856,1
649,1,0,0.56433856,0.43836442,0
650,0,0,0.6514658,0.48364836,1
651,0,0,0.7193836,0.29219118,1
652,0,0,0.6383846,0.42077807,1
653,0,1,0.39152223,0.64131004,0
654,1,1,0.5325771,0.5597413,1
655,0,0,0.6282934,0.23213601,1
656,1,1,0.112015955,0.9020933,1
657,1,0,0.5733799,0.55823666,0
658,0,1,0.38266033,0.7745834,0
659,1,1,0.55627906,0.8095773,1
660,1,1,0.34687307,0.82796735,1
661,1,0,0.59496313,0.5194604,0
662,1,1,0.3526475,0.7068991,1
663,0,0,0.6939917,0.3628563,1
664,1,1,0.31237,0.78199726,1
665,0,1,0.48573688,0.68825895,0
666,1,0,0.50965,0.45898518,0
667,1,1,0.39233685,0.8465777,1
668,1,1,0.48154527,0.6807725,1
669,1,1,0.24059612,0.7834919,1
670,1,0,0.7934263,0.38491216,0
671,1,0,0.5900117,0.43416142,0
672,1,1,0.14128143,0.9184803,1
673,1,0,0.852813,0.23144047,0
674,1,0,0.6491339,0.44507727,0
675,1,1,0.5094364,0.74871993,1
676,0,0,0.5861084,0.4297285,1
677,0,1,0.4747225,0.6955449,0
678,1,0,0.58752906,0.58029264,0
679,0,1,0.5493082,0.5494291,0
680,0,1,0.25926262,0.9494823,0
681,0,0,0.6706083,0.37851653,1
682,1,0,0.55895907,0.557755,0
683,1,1,0.44577083,0.5641585,1
684,1,1,0.2645483,0.9001793,1
685,0,0,0.75815266,0.7509182,1
686,0,0,0.717408,0.46578234,1
687,0,1,0.4451677,0.59302014,0
688,0,1,0.41424707,0.5754688,0
689,0,1,0.5733799,0.6149144,0
690,1,1,0.45759112,0.5133254,1
691,0,0,0.7900448,0.3328523,1
692,1,1,0.48576736,0.70140636,1
693,0,0,0.74945414,0.5144308,1
694,1,0,0.6680145,0.12315455,0
695,1,0,0.8384153,0.3226327,0
696,1,1,0.6237207,0.70568365,1
697,0,0,0.84872156,0.47265303,1
698,1,1,0.23651622,0.7914989,1
699,0,1,0.29583988,0.7567173,0
700,0,1,0.46505338,0.6139312,0
701,1,1,0.3273457,0.7929457,1
702,1,0,0.7718435,0.32637876,0
703,0,0,0.62772304,0.42847255,1
704,1,1,0.49685103,0.50386614,1
705,0,0,0.7889086,0.45223352,1
706,1,0,0.61259943,0.33785862,0
707,1,0,0.57033134,0.4914483,0
708,0,0,0.68236214,0.370567,1
709,0,0,0.6083614,0.46065283,1
710,0,0,0.53354937,0.39987028,1
711,0,1,0.26607114,0.7890712,0
712,1,0,0.7814974,0.24580847,0
713,0,0,0.8097278,0.32627144,1
714,0,1,0.42393497,0.8881781,0
715,1,0,0.5484619,0.38341036,0
716,0,0,0.7424217,0.29563648,1
717,0,0,0.7237978,0.40927985,1
718,1,0,0.67168593,0.5300693,0
719,1,0,0.8283842,0.20785716,0
720,1,1,0.50179386,0.55287164,1
721,0,0,0.66345096,0.52930903,1
722,1,1,0.28288904,0.9107044,1
723,1,1,0.15040281,0.684053,1
724,1,1,0.30054024,0.787768,1
725,1,1,0.28180072,0.7759446,1
726,1,1,0.3298233,0.45456293,1
727,0,1,0.6000126,0.72389543,0
728,0,0,0.6710396,0.3031126,1
729,0,0,0.7221353,0.42476985,1
730,0,1,0.121164866,0.91700584,0
731,0,1,0.3719347,0.6003641,0
732,1,1,0.12189466,0.9593071,1
733,1,1,0.49842167,0.68993276,1
734,0,0,0.6355618,0.49340865,1
735,0,1,0.56499875,0.5886527,0
736,0,0,0.6618136,0.60865223,1
737,1,1,0.37536293,0.79502225,1
738,0,0,0.5709295,0.31806138,1
739,1,0,0.46201792,0.39981166,0
740,0,1,0.41875634,0.7312505,0
741,1,0,0.7107287,0.5774954,0
742,0,1,0.38392997,0.65610766,0
743,1,1,0.31405056,0.6931615,1
744,1,0,0.6676896,0.3926279,0
745,1,1,0.47668624,0.69440633,1
746,1,1,0.28407922,0.87987113,1
747,1,1,0.40857172,0.45746994,1
748,1,0,0.831006,0.19605543,0
749,1,1,0.5994265,0.708616,1
750,1,1,0.36920136,0.79865825,1
751,0,0,0.6744795,0.61566573,1
752,1,1,0.50788814,0.7697732,1
753,1,0,0.7077078,0.3717066,0
754,0,0,0.5774954,0.5474943,1
755,1,1,0.5104508,0.76506716,1
756,0,0,0.70324385,0.3422417,1
757,0,1,0.3539863,0.7844842,0
758,0,0,0.61097586,0.51488054,1
759,0,0,0.8042522,0.39507583,1
760,0,0,0.7290378,0.2965524,1
761,1,1,0.18025091,0.87525487,1
762,0,1,0.41572884,0.6692046,0
763,1,1,0.3526475,0.73335636,1
764,0,0,0.6222872,0.46420318,1
765,1,0,0.8044059,0.43266258,0
766,0,0,0.5768996,0.48633152,1
767,0,1,0.4147803,0.55862796,0
768,1,1,0.49488848,0.8342719,1
769,1,1,0.557755,0.8722386,1
770,0,0,0.63431686,0.58403397,1
771,1,1,0.2844766,0.82810634,1
772,1,0,0.71273226,0.6285214,0
773,1,0,0.8053262,0.53840685,0
774,0,1,0.43956688,0.6476868,0
775,0,0,0.6408606,0.56529874,1
776,1,0,0.805173,0.43932635,0
777,1,0,0.572185,0.46672413,0
778,0,0,0.7003827,0.33458945,1
779,1,0,0.60609055,0.5715275,0
780,1,1,0.20705432,0.88563144,1
781,1,1,0.54573965,0.6020031,1
782,1,1,0.36738378,0.85427785,1
783,1,1,0.2507293,0.73659015,1
784,0,0,0.690872,0.41264853,1
785,1,0,0.5397414,0.3693151,0
786,0,0,0.8098782,0.40180516,1
787,0,0,0.76611876,0.29533154,1
788,1,1,0.19223589,0.79438496,1
789,1,1,0.2779627,0.89912134,1
790,1,0,0.6819386,0.42292166,0
791,1,1,0.5630776,0.72807217,1
792,1,1,0.48457825,0.54688936,1
793,1,0,0.5754688,0.25183168,0
794,0,0,0.6797104,0.6021786,1
795,1,1,0.5085288,0.599192,1
796,1,1,0.3607142,0.6897238,1
797,1,1,0.3280987,0.8338664,1
798,1,0,0.46493194,0.4362017,0
799,1,1,0.13706978,0.9425068,1
800,1,0,0.78497905,0.14247034,0
801,1,1,0.41371402,0.8329173,1
802,1,1,0.18097353,0.87310666,1
803,0,1,0.4598947,0.7218412,0
804,0,0,0.6630147,0.32295287,1
805,1,1,0.43608162,0.56661814,1
806,0,1,0.4079229,0.90000373,0
807,0,0,0.6509112,0.34820172,1
808,1,1,0.5615755,0.57057065,1
809,1,1,0.3261641,0.6620321,1
810,0,1,0.23109321,0.7518304,0
811,1,1,0.3974706,0.63329685,1
812,1,1,0.4875057,0.77864933,1
813,0,1,0.39992884,0.7866228,0
814,0,0,0.81257004,0.2237161,1
815,0,0,0.8304567,0.5829066,1
816,1,0,0.6630147,0.46013728,0
817,0,0,0.761893,0.5052145,1
818,1,1,0.25757828,0.6872103,1
819,1,0,0.7308665,0.50878817,0
820,1,1,0.099120855,0.9772842,1
821,1,0,0.5876473,0.31869718,0
822,0,0,0.4290107,0.39676917,1
823,1,1,0.5096042,0.8062431,1
824,0,0,0.7026321,0.26284182,1
825,0,1,0.4608348,0.70385486,0
826,1,0,0.70069003,0.5119682,0
827,0,0,0.61230963,0.49389297,1
828,0,0,0.8121234,0.3328523,1
829,1,1,0.061424043,0.98427594,1
830,1,1,0.1717547,0.888372,1
831,1,0,0.67200893,0.5117166,0
832,1,0,0.5981362,0.31531417,0
833,0,1,0.4185781,0.65102214,0
834,0,1,0.31058982,0.81390494,0
835,1,1,0.2888699,0.8193158,1
836,1,1,0.40603742,0.7675156,1
837,1,1,0.3903596,0.68426406,1
838,0,0,0.54882467,0.5173575,1
839,0,0,0.7331654,0.4915627,1
840,1,1,0.3760501,0.47734094,1
841,1,1,0.289673,0.70639306,1
842,0,0,0.6222298,0.5301301,1
843,0,1,0.589421,0.63578796,0
844,1,0,0.42518747,0.37782758,0
845,0,0,0.67265433,0.4066852,1
846,0,0,0.66115755,0.44074,1
847,0,0,0.59036595,0.2596379,1
848,0,0,0.7709825,0.3413629,1
849,0,0,0.81655276,0.29320207,1
850,1,1,0.534734,0.7897206,1
851,0,0,0.7740714,0.36398596,1
852,1,0,0.83960253,0.39969447,0
853,1,0,0.5382855,0.46505338,0
854,1,0,0.75976056,0.64968973,0
855,1,1,0.32691577,0.6979178,1
856,0,1,0.27678823,0.7772999,0
857,0,0,0.7514658,0.21125406,1
858,1,1,0.28170192,0.70079243,1
859,1,1,0.23934932,0.772359,1
860,0,0,0.79865825,0.27173457,1
861,1,0,0.57558805,0.47122326,0
862,1,1,0.26961395,0.88875884,1
863,1,1,0.43716258,0.7077078,1
864,0,0,0.58136255,0.5548323,1
865,1,1,0.49850947,0.76242405,1
866,1,1,0.4843191,0.63238925,1
867,1,1,0.2641685,0.7588682,1
868,1,1,0.119202934,0.93698055,1
869,0,0,0.65390086,0.22270013,1
870,1,1,0.16762704,0.92762595,1
871,0,0,0.87914675,0.39204586,1
872,0,0,0.7422349,0.5361611,1
873,1,1,0.14270914,0.5098254,1
874,1,0,0.68215036,0.6493563,0
875,1,0,0.6758716,0.28616926,0
876,0,0,0.7255514,0.33133605,1
877,0,1,0.523131,0.77321637,0
878,0,0,0.828523,0.32993123,1
879,1,0,0.55844736,0.3853747,0
880,0,1,0.41786525,0.75904685,0
881,0,0,0.6681228,0.6141626,1
882,1,1,0.287968,0.7052778,1
883,0,0,0.63567495,0.54071164,1
884,0,0,0.8844391,0.18068422,1
885,1,0,0.69657785,0.36886027,0
886,0,1,0.4204211,0.6841585,0
887,0,1,0.38179564,0.63148063,0
888,0,0,0.7437268,0.3913478,1
889,1,1,0.64321727,0.7297124,1
890,1,1,0.37045312,0.65698844,1
891,0,0,0.5980775,0.3720488,1
892,0,0,0.79755676,0.36602303,1
893,0,1,0.5158486,0.7439129,0
894,1,0,0.83318895,0.5058171,0
895,1,0,0.619759,0.5025406,0
896,0,0,0.8283842,0.26265267,1
897,1,1,0.3695426,0.7876047,1
898,1,1,0.2850733,0.7947038,1
899,0,0,0.62897736,0.33437204,1
900,0,1,0.6312534,0.76506716,0
901,1,1,0.4173308,0.8022459,1
902,1,1,0.18025091,0.70079243,1
903,0,0,0.61364174,0.40756917,1
904,0,1,0.53965044,0.59243083,0
905,1,0,0.7331654,0.617282,0
906,0,0,0.81873685,0.4292499,1
907,0,0,0.6803479,0.59296125,1
908,1,1,0.39969447,0.6638869,1
909,1,1,0.21601152,0.71092945,1
910,1,1,0.20212804,0.74927074,1
911,1,1,0.3338289,0.7424217,1
912,1,1,0.35309353,0.8414352,1
913,1,1,0.15342228,0.80131465,1
914,1,1,0.46389958,0.51533026,1
915,0,1,0.3762793,0.7213508,0
916,1,1,0.41875634,0.7876047,1
917,0,0,0.6977119,0.34477425,1
918,1,1,0.37782758,0.5447106,1
919,0,1,0.5696133,0.71790266,0
920,1,1,0.2043419,0.79182106,1
921,0,0,0.66747284,0.37685242,1
922,0,0,0.6950276,0.46575195,1
923,0,0,0.5872924,0.51872903,1
924,0,0,0.57558805,0.50608414,1
925,1,1,0.55096984,0.5923719,1
926,0,0,0.82090056,0.3116363,1
927,1,0,0.60141796,0.3819109,0
928,1,0,0.55522424,0.40115988,0
929,0,0,0.7636601,0.3695426,1
930,1,1,0.43020716,0.52835095,1
931,1,0,0.48050916,0.45986438,0
932,0,0,0.6522414,0.38856006,1
933,1,1,0.70150864,0.7301937,1
934,1,1,0.112405084,0.7851439,1
935,1,1,0.38116196,0.8161134,1
936,1,1,0.61537683,0.7352617,1
937,1,0,0.76100606,0.3193336,0
938,0,1,0.23510842,0.7112304,0
939,0,0,0.6107437,0.34026593,1
940,0,0,0.81655276,0.12940274,1
941,0,1,0.4987002,0.7577944,0
942,0,0,0.62486595,0.34048516,1
943,0,0,0.7322091,0.585279,1
944,0,0,0.6448963,0.2833846,1
945,1,1,0.5164431,0.5926666,1
946,1,1,0.2237161,0.8830344,1
947,1,0,0.5887118,0.53321517,0
948,0,0,0.7070003,0.5608842,1
949,0,0,0.4222664,0.41709343,1
950,1,0,0.6303437,0.57385755,0
951,0,1,0.3332862,0.6338636,0
952,0,0,0.65013415,0.36636302,1
953,0,1,0.4204211,0.54997295,0
954,1,0,0.5939037,0.35532737,0
955,1,0,0.5181348,0.48003688,0
956,1,1,0.36116472,0.5612148,1
957,1,0,0.54349935,0.3100673,0
958,1,0,0.5341265,0.3545448,0
959,1,0,0.48389232,0.30964965,0
960,1,0,0.6633419,0.56487876,0
961,1,1,0.52127314,0.5585377,1
962,1,0,0.6312534,0.54743385,0
963,1,0,0.63567495,0.4554408,0
964,1,0,0.6073721,0.30136204,0
965,1,0,0.7446563,0.35846534,0
966,1,1,0.37960833,0.5366468,1
967,1,0,0.44074,0.40933883,0
968,1,1,0.44179344,0.5593803,1
969,1,1,0.47662535,0.5837373,1
970,1,1,0.58593065,0.7190878,1
971,1,0,0.7133318,0.36761078,0
972,1,0,0.52769685,0.4551683,0
973,1,0,0.575767,0.533519,0
974,1,1,0.56463873,0.6509112,1
975,1,0,0.58930284,0.40421346,0
976,1,0,0.65323746,0.38496998,0
977,1,1,0.31753206,0.5781505,1
978,1,0,0.71173155,0.29685804,0
979,1,1,0.45807597,0.80348235,1
980,1,0,0.6920179,0.3918131,0
981,1,0,0.6467949,0.5231158,0
982,1,1,0.1847675,0.7895584,1
983,1,0,0.56241685,0.49133387,0
984,1,1,0.35521552,0.5599519,1
985,1,1,0.48188046,0.7371582,1
986,1,1,0.36783785,0.80685264,1
987,1,0,0.7237978,0.47936657,0
988,1,1,0.18757874,0.9095863,1
989,1,0,0.6236061,0.49147877,0
990,1,1,0.21883628,0.9007046,1
991,1,1,0.10539456,0.8889517,1
992,1,1,0.5403479,0.694199,1
993,1,0,0.48287106,0.35857764,0
994,1,0,0.4245909,0.40910277,0
995,1,1,0.4292499,0.7516481,1
996,1,1,0.31774372,0.5424089,1
997,1,0,0.7076068,0.67779404,0
998,1,0,0.617282,0.61468315,0
999,1,1,0.55087924,0.7364006,1
