img_name,target
450a459896ea4dae1ff310a3fd27a330.jpg,1
df141bf7d4b6081db84b9816b5de07bc.jpg,1
3447c5bd95f907380b64b787f6a0ae1f.jpg,1
9894f5c9c6dd9dc71f89e9cbddaecac1.jpg,0
32af1c9a6201a5559918d4f169af5c47.jpg,1
646d94bd6281357e5558af666bcd616d.jpg,1
66bb1aadf0773bda07b574631750cb0a.jpg,1
1595313801d6d647fda28b824435eb2b.jpg,1
0145501cbd7e789a8f81852b4acd0562.jpg,1
36d527196db4a24a180459ef203638c8.jpg,0
59717879fa4a3e16812ccff2442ebeda.jpg,0
e89045c8ad5c0cbbb5dc80cf2b4d8abd.jpg,1
c6acc3ee1a4e4cffc15ffe0f2975d62e.jpg,1
e398ee9db1adb97dca570f3f052321bd.jpg,1
65a52a90fdc2e3c46fc7693393362785.jpg,1
1c44f3097d9fdaaf3647da4aa269b08c.jpg,1
98cb0bd85e8d8b01d79a967edeb907c7.jpg,1
b0e9dcb239f0eff1f204a43d359f98f6.jpg,1
1806d5251f3406b475a2f14f55b10339.jpg,1
b8c11deaac1762f8f524cc682f73b711.jpg,1
042762f71ead76e14258c11f6d942025.jpg,1
3007fe2c4a4480b9dfb791fb6b9b051c.jpg,1
212f7679032a9a79117a6810e4994efb.jpg,1
fdd93d2ee5f3428a1594f43354af209e.jpg,1
edda59ecc34e43a03de22ce44a7ea1b8.jpg,1
402174b8ae4f0779430cbed3850b310d.jpg,1
aebe141c6181270af158fbf3b72a0e9b.jpg,1
45ddc259221a71188c0e82b7b39ba216.jpg,1
3201add7ba3bdc550a36c6bb7e9119d4.jpg,1
230cb73dd453d3d609ddd272972e94ee.jpg,0
9dd18768028896c77832256be3e02c9d.jpg,0
8709052cc79e9d2cda7cc6d527774b0a.jpg,0
056ca53ccf130b57a6f7741803f32384.jpg,1
3cb858b2328ce01e4c56f08c8f7132d4.jpg,1
75258fe54ad0d8b6b5c3c3da9082bbd5.jpg,1
d2efead5364b05f25b4e2ca585b13e78.jpg,1
10db2aaa0da2693d1489b8c24bea3baa.jpg,1
0a74d82c9c126b08d3aff4094694293d.jpg,1
419e629addaa37d3db33a71dc12fd338.jpg,1
52d0f2f63059233992b403791e1364bd.jpg,1
ac043d01dfcd0e411b85c2dc61c44205.jpg,1
7a6366cc6462e23063eb880f022d2717.jpg,1
c029764aef4bd874cf66bdd6697c3194.jpg,1
5a82a39fe68517faedadda1b469e19d6.jpg,1
8b8afc0cea7d945f186fbdb69c11c162.jpg,0
7f1608998449cc71b08201c982c55874.jpg,0
949c682d13b672b0faae8e3595824da6.jpg,1
7382c5823e6a00fd6201bcc03e4eb8a1.jpg,1
aa6dcb121e3cbd312a6b86f01ed151cb.jpg,1
100e61e57ad37f7247d9be0a340424f5.jpg,1
ebbfe09d6cdfd48308a03b09bd600a86.jpg,0
b2242caae701513398a25c55a7bc9231.jpg,1
3aaa783f5069cbe5ef09e7af6f9a205a.jpg,1
1b438726ed47da01668b9e6b5071dc99.jpg,1
f159561bbf2d1397deb2d9fe3af4cf91.jpg,1
676295b8046de093acf2d57fb37e3d09.jpg,1
603fc7f78543899f0e586a96b2e7baea.jpg,1
a09c20c80f44c54464a458e705327a7e.jpg,1
0b7dafd1e6eb9f93161a4e47b3f4332a.jpg,1
dcd4bbad04eb4704ef85c2cb274705eb.jpg,1
dcdcf7f13ba3e189f6efb8df0793b2f9.jpg,1
b167b3ceba2f8c0563bd6fbb2e5b61c2.jpg,1
6bbf003b65503c1cdfe6749c762228fc.jpg,0
83c868d38114a11ba38f875a3eabeebc.jpg,1
04b881cd9dfd224f5108dbf582c643d4.jpg,0
4273481ecbae0ce5244915f9c3948603.jpg,1
1dfd77d7ea1a1f05b9c2f532b2a91c62.jpg,1
6a7c67cd0eea5dd9f61473892068fb28.jpg,1
c9fe51f6df134a4ffe93522cc7bd3d0b.jpg,1
6fd89c70cbba01b48c96f7b391ebb8e6.jpg,0
5416486f137c1e0d9a60961fa852b57e.jpg,0
ec6804c25ca4948abcfc1e1b8ae93566.jpg,1
1502279e1efef9cde46182b9091f5ce1.jpg,1
cda27331aef6011d4f4ba4e423a40864.jpg,0
29a2536e4d56689b24702c2ea4e78969.jpg,1
918bd6438197e08a12f487d87611c004.jpg,1
403be1112df22b1d418c34072fee92aa.jpg,1
dda2c747658f68ac08b246ed295a7ab7.jpg,1
541fd7e64ecc0cc51dbd5dc0c2806c24.jpg,1
988b43674f2ad3b81727756b382481fd.jpg,1
6dbc9bf0fc8ec115a08433b780129ac5.jpg,1
3f5bfe6db69219a5cee1ec377ed3c3f1.jpg,1
3325a6c810f12869aaa1d594415ba934.jpg,0
ce8c4ca9c00587aea88433ad32cf681f.jpg,1
b25755510b240c2ae9822497485e81fa.jpg,0
3bb89a80ba79b042d371c90b4397a8a8.jpg,1
698c29457f537b0f06e41a77b0dd69c6.jpg,1
aed96990e4d01e50bc5c7a67e047af11.jpg,1
e4fc1e5052c973bd72ec725ba2ca357e.jpg,1
80fb46ce6236af538616606452b87e4a.jpg,1
986ee5cb5a50c5e32a3bc4ff12c9d52b.jpg,1
eab6fa5393cedc2f40ed25bb8eea5e00.jpg,1
e134610535cda6929d1b474b6f0dcae8.jpg,1
799b03b82be13ac68efdc9787d40c5cc.jpg,1
528ab42e2ddb464ea60e592020f47636.jpg,1
18c20f32b69a3b9b4a8db2eb426734de.jpg,1
eaea3c1fcc41922e0acfb51bd08e313c.jpg,0
fe1ea6118a767ea91e032566fd1aa258.jpg,0
ba2c73018a6c9fe0148f599f14b96740.jpg,0
9c1f18584c0ab310dcff26b1acb903d8.jpg,0
e5e3e26562b4fcee778f5a380c1f3b6f.jpg,1
76396142038d520ec1affa4db4d252d2.jpg,1
32888771f7013db38179effacd27355c.jpg,1
4b64b59288e43eff2347b11694641125.jpg,1
293b4a8a3c69bdcd2f4d8e3cdc6888e7.jpg,1
7561664ebfd0287e9f8942f0b964543e.jpg,1
e70ac7db7a816e85e80a8e99436b3f44.jpg,1
6e2de589e9d872c7d29f7fbaee11b2e9.jpg,0
7beda6859d2c5bdc069ecd8d45e093b5.jpg,1
a06148be7d9b7f7d0c2b31bb99923fe9.jpg,0
91084c3afef8db74481c36d308bb45eb.jpg,1
8d87a78ba3bfb739aae4df53c9caa6c7.jpg,1
d0776e5f236207511ed949951d9a3aab.jpg,1
aa21d096ac3fffd96f67d3fbaaaa1ec5.jpg,1
b02694dabca82ded81476d7c64e19355.jpg,1
5e884d83555f386f927d43fe90d5b518.jpg,0
6ce55e661f5279e810ac42eb4b269cfc.jpg,1
00995711dfe973287ddad1293eaa8583.jpg,1
ee0d409a3972e263b800bd451284eab3.jpg,1
5cfffec3cbb5cd2c03306a6014ff1ff0.jpg,1
1db8c7d0de5ca85f034be47b194757cd.jpg,0
cbabd0bbb3fa507cf55027e0631c46f8.jpg,1
e9aa2ff9cc9dc89adaa70e91f3fc2cec.jpg,1
7ae24573f30d9d92cdf82546edcb393e.jpg,0
093694dd363182a6b30e6fd8e4baf535.jpg,1
7cd2795aff5888850b8d43b2fc836962.jpg,1
e6363b1545ebc38cc13b46b72abd104c.jpg,0
edd50dcefd4e2baa81a50c0dab05cb8f.jpg,1
53abcc76604c896b79de0ae554c700e3.jpg,1
e6f22f8e83e8f27f283bc5e225b4fc0c.jpg,1
1ca451c1bafc42bb8b95b690412b4f19.jpg,0
c806a76600f94029d9e2d615787d936f.jpg,1
63a7888cb484917649080a07c1f605b8.jpg,1
fb77ba20633da5c716abc1cda7c0a2ac.jpg,1
d03f35e782023112f9ffc453f6f999e9.jpg,1
ba527bee808ed1d54d24553db17c2862.jpg,1
722610e8c2e65e2403ab71ad3afcffec.jpg,1
3e89b853b61d4eb975689c95a630ec0f.jpg,1
84bd68020c40c48957504d2d246498ba.jpg,1
2d4af8b22cb733994f5d8c8666c0f54d.jpg,1
f294a550c73a59b3c6f0e70cc1a0a67a.jpg,1
65b46a5798cf98a4279fc9de5ae73673.jpg,0
5c18ce98f76b46aa05323412e081d3de.jpg,1
8049f2c99a37d2d3f648039df953ab6f.jpg,1
b8b42e6b6d5da04144b07ecf7441099d.jpg,1
5c4167dff95e7e25ad875a276223180b.jpg,0
a10817485158d58f87b0d36cce6a9665.jpg,1
c9b4531512f7cce7e92f7373ce0e08ce.jpg,1
016fd6aeb622b05365db9d2ef59630b5.jpg,1
ccf8f6f6177993ba75aa9f34df958463.jpg,1
58186948b7cd84c243b8e55867b8957b.jpg,1
00c0c019c17cbb1ebc4ca748edf4b1fe.jpg,1
c5496d0807b4de5f1a99983d11cc8333.jpg,0
a02c53dc4aa5d29818f40553cdf33bd8.jpg,1
9221bc3e4d67f0277b98a93953e5f634.jpg,0
1b8e1d4e88c535a154e4e4ee7d6a8d83.jpg,0
31e1ddb14720c4e29edefee027a66633.jpg,0
ea5e349062f12f7aac397c61206bd1ee.jpg,0
24b5edb541218e28f75599ea967d6472.jpg,1
a8d4801a4946144918be7e7fea40de26.jpg,1
27e06a95f558043ff9d0b40b43004c2c.jpg,1
d4de154fbdeec62f5dcb9077e1cb1add.jpg,0
295fe9ecf2de185129cffefbf3ab30c1.jpg,1
7208d4030faf05bd47b03151717cd242.jpg,1
d3c07925b3328cba145668fbbfd67f76.jpg,1
92d04c037bb1bc96afe0369a0e21fd27.jpg,0
c5204a120818b604770dd46fe806aa73.jpg,1
588cda275a3642ea2d7a564d5ab8f725.jpg,0
500947f83c862d523db9770be98224e3.jpg,0
62421a829c77042aa5cad9ffbf7d78b6.jpg,0
b8440ebb639a47dedac81e7126ec29db.jpg,0
7e135558f49e8031aa53dbe414427cdc.jpg,1
dc14c73f05f60b84c942cd04f625cf37.jpg,0
b2ea076bac4910e2e6e0388f55956660.jpg,1
b91bff28493e2f42ec63fdd001e9ca40.jpg,1
f68f1c4b30636a08f2efbb45d282d30f.jpg,0
0d903ccc9f1b28a22b2e0bd98cf0e99a.jpg,1
d5a54ca99afa7c1f1c6ef2ada8a370a0.jpg,1
00f724a699e56263861003df7544e95b.jpg,1
7f484a01a0b9035021ebdce92f124246.jpg,1
5f886d2e77015690ac562ed14723aee6.jpg,1
5156cf25768af0ef145cc178dd31ab32.jpg,1
91066576a1326e87ed20beda62d8f922.jpg,1
34abd4ddc23992b2840cac1587c4be52.jpg,1
e48142b8cf39c9976ad18d46e72fd8be.jpg,1
9258ea521d02c5f33162bb9487291565.jpg,1
2e903407203e57355ac7d7add93c2158.jpg,0
c0bbf32b270a10a06113836d7ae071cf.jpg,1
3804284e82c56a704ead05da98b686d5.jpg,0
d7e07cb9ed51aa232fedbcbffa38d378.jpg,1
d37b7e080c240a25a2c0ac3bde11529e.jpg,0
de17c01de8224d61ef9bf7118a97044b.jpg,1
bd2882647ce20b5611d16aebae23180d.jpg,1
c03066995bb4dd6b12b5f3d3063aed77.jpg,1
4f0d86c9b3c00f2ec1a2462c9f4f5842.jpg,1
c66aae635c6d3c8be68b39e53d9cb3c8.jpg,1
8f4f1cbb1296b3393123d2bf27902745.jpg,1
15a6b6f102468f9620098cbd12dd4ab5.jpg,1
f66f349e48c54c0d90396691a34df218.jpg,1
3930002af4188b1892c9cfffdc80249b.jpg,1
e358808819fddeb43cac25831f445171.jpg,1
aa193a7e58c3e63590650e4cc06361d8.jpg,1
a1aa43d816202152c5acaab48d0c3b07.jpg,1
b5da6fae9d8ba4a55b4f56d2d00f46b7.jpg,1
39a8c2c535df072fbdd2c38aeafce63f.jpg,1
4a53aa604664848a823bcb1e8c229f92.jpg,0
e1d71225884bab58d8384c68db01aec9.jpg,1
40ed585640dcb4b8696b17c5dff50b2f.jpg,0
e527509ccef40f1083d4bd0e3e66eca2.jpg,1
a278ba15df1d65f0ca380f3d82537b0c.jpg,1
641d426fd76fe6da5b1e0614fac81de0.jpg,1
ccb62c0892e98e80e425cc705a9d4f00.jpg,0
5dba9782c0558e30ccc4657e54fae90c.jpg,1
f319c965e9526e275350f6f2f48ec8b8.jpg,1
95e016cf9d0ef5f84b4212e0c1d39069.jpg,1
57068781db45df78f026b1060c39d8f4.jpg,0
0eb2275c81478a484d64a0721f6bd724.jpg,1
1e9bd10699fbf32e7e4a3348027881c1.jpg,1
b094d31f603d111a62e136b574c0de9a.jpg,1
55d335a91f81e2b4a1dd3471e795cb46.jpg,1
1433577c0cb800f50357f1d7fd4a3c5d.jpg,1
a9fe4a2545aa0d3ee3bf9085d8358780.jpg,1
d1f77d4261d0a22b97ac68aacdb2ab70.jpg,1
d9916af3909f9b5b910b7d4a1c59fb83.jpg,0
2645af696ab35b90e799ae168c4e327e.jpg,0
8994d6e69375457d2fb174ca3609f4ad.jpg,0
e9b29959c8788bc23d4fdbc3fbb4f513.jpg,0
1616edc5d3dfaadffe7c036ed2c673f1.jpg,1
1d31608117bea3658e981f0e61fa404d.jpg,1
267b6e70f6d5009a9ee5b89c17762a06.jpg,1
a5013e919a7bfc0f78d6b0abbb6f626b.jpg,1
5af6210c4b57e087737e629c84633500.jpg,1
a988096f9da9e68f8cdcf49f58b79598.jpg,1
c943fe972d907940ddedcc4f788d1282.jpg,0
2b73d7a8b59ea140670a74e203686329.jpg,1
f3293ed2a1f299aba01e263d521eff75.jpg,1
2ed18917313734c1ce0ecdadf05a5de2.jpg,1
fbe5d5b89fc44349edbfd07d9ac98d6b.jpg,1
fa287899b3642ad2b48655cd02b2343d.jpg,1
2804af7882219ee416f8bb3685965a02.jpg,1
9522b1503bddfc8d705ffa94d53dc8b0.jpg,1
2ff957d11fd5e29701642c1dff613711.jpg,1
f1a5e64018af329d892dcc16e71ef51f.jpg,0
cacd5dbf39f91457dc13e8bbd350c1ac.jpg,1
a0b0da5e4c2edbac202cf6b16cce561c.jpg,1
e549023d6b5a701b404aeff04cc7b125.jpg,1
600e661936c0f794e9f2d77824f7adae.jpg,1
dd7b17e01fbeee30a7dcc781c10c84a3.jpg,1
79ae64af03ba2d8bbb47b901fe10885e.jpg,0
e3ceba88654375453f410a633f2f6c09.jpg,1
7dd75e8c78443e07e5fc45537a9d2248.jpg,1
57e65d24b7b1eb6dca425ff85a334d89.jpg,1
4055ea87ad8084f89fef5aff0fe5b131.jpg,1
a8b9737bc3785d0789509253cd657fd9.jpg,1
dd895c5eba7fa7176a09771a48d8833f.jpg,1
417592a004c59ceaced207e5bca07835.jpg,1
d81b9e976fffd28860b0b61d4283b677.jpg,0
07d7aad037e6adfe1be13e82616b3440.jpg,1
70f89772055436a9fa2c48858d22df76.jpg,1
c75fe5974da6c23d05153c295bf6e7fe.jpg,1
336363fc32457272e4ea6bbe9d438a85.jpg,1
c20fe37aa26be4d19dc4fbd78e75ed66.jpg,1
c683151315798bd518805edf661d2933.jpg,1
54c7948f4abf2661ee348c014ff68d27.jpg,1
28cedd8492a520ca550eea40fe03df17.jpg,1
5e3da98199993a44a5af14ff5f038e98.jpg,1
ec2ebf2bc613052b3915bb978986a444.jpg,0
7be0acf3323d37a7fa845a6af30e1a87.jpg,1
54fe6830134f05cc134b3c4d79b2b734.jpg,1
cc23d7cafe3c3646aed027640e8f48f5.jpg,1
6c632d18bd0277070cd99221447b6c2f.jpg,1
86e72664c84cb53cc324e79a3f97fd30.jpg,0
b66d8e71c66a9e4849822a7cbf296a3b.jpg,0
c0d96e45516ba51d258627e06c51346f.jpg,0
d45dc67f29bcb8d2d03ec68ad46540f9.jpg,1
34dcb3121104b8969ce0032c1c333471.jpg,1
cde433dd000cdb717dfc0e0c4e73d8bf.jpg,1
5fbf45bb2d10f5065fc8312acf605db9.jpg,1
1e7c38d321e225a0a2366ded55c80d91.jpg,1
e933d0c3d0fae9c9c809437f743ab6a1.jpg,1
e582a663e9e54b929b249a3c9415b8c8.jpg,1
32f71c6df68a5ac0ef0081af47ce949d.jpg,0
b0e7982edb5d52e712f84cc04e410e15.jpg,1
ab94f179760ec09ab5b660a09eb0e827.jpg,0
e055766cc978b04cdd0e897f6a0ce964.jpg,1
415ae96f7464c7eefa8b35716893b7d7.jpg,0
4f194f58e94b529a2bdd7be639b7d441.jpg,1
5c1a546a9473c6f5835bf9b285156a99.jpg,1
6c96e5be27560bd1f7172fd009fe3d64.jpg,0
9748e74d61f07f652d740c2f2848aaa8.jpg,0
f873a5cab43782f36bcadeb050e9b976.jpg,1
b4582ee96d60b5d1565ba1c581485190.jpg,0
7ce40adc76f9ebd37f185c31d66e92e0.jpg,1
d03264d94ea332bb167f4b361ce28975.jpg,0
6215779502fe9e1bfc99e30994bc7a33.jpg,1
7eed846b4c81ade6987fe110fb180255.jpg,1
e47175fe4b0ad26077376660a7465fcf.jpg,1
dc4296ff290d9ac7b62ba0b714cfc095.jpg,1
99322084d0a0129b049cca578525cec0.jpg,1
faa6356adc1a612b9cc1aaa1ec4f6f15.jpg,1
35572f00bd21d79f8f05342169fe7dca.jpg,1
e95cc08e04f5ca3e06612512a269db3b.jpg,1
658374efa73973e99bcc6938d546fae2.jpg,1
09cfb30b1f0aa67170270575be93200d.jpg,1
c4318293a3daf1aa536b21ddf02875ad.jpg,1
a35bc156212b6b08aebd8afe76c92001.jpg,0
dae45340240041e595351f77f5dcac7e.jpg,1
c6d618aced8aa2d719046e488f9ed7a1.jpg,1
1075e6f5bee3aa889546a65284dd6681.jpg,1
b1cb330a0e2e5caab60bc83ecd357754.jpg,1
cd8823a8e094c08bcaa8c08bf34c92f6.jpg,0
b4b67e0328ee9e7dd60ce115660bb235.jpg,1
ee050ac436dfddc552902b43bd315673.jpg,1
ef12bf519fa11f7117a57cffaddeb44f.jpg,0
4ae0537661efe279c74b596f58dd2186.jpg,1
ae89fb313d748e2455fde5a34032ca15.jpg,1
e087f10f4df1d09c95f1041b42adb061.jpg,1
1044c0f7f43d9126c60e0b84af663526.jpg,1
d5ba1f493265aa316dca351f0643702f.jpg,1
debbc507749cd4bf72869c6ac94d5f79.jpg,1
18cd723cac4f8e92d30d7ab89efe9601.jpg,1
bbeb94444db6b9a2155600476e3f0533.jpg,1
bba527ba09f1d3c2916ca0b5490f33bb.jpg,0
705dbf3fa09b4d588d65981a28021309.jpg,1
dfbd871c99df4d1271d8ffba6e0de69e.jpg,0
856ffcb2aae11baff3fae96969b671ce.jpg,0
0f7ab049acc856efd68fd862ad4ade53.jpg,0
92820dd2d176906637f3d1b643cb4af0.jpg,0
8bdcb56846cd6b105bb14df3729651d1.jpg,1
0743a51296f3797e3754640b5472c79f.jpg,1
3ee9449129c917adc48386a645b290ee.jpg,0
ee8c13f5c0f02faac823519434800566.jpg,0
563e64fa96abea4415d1cc0a9a86bf33.jpg,1
5c10cee1631ffbe6cb2ed9cdd3326e1d.jpg,1
03732e9286c0fa5ca6c5c1de3fb21f8e.jpg,0
116420ded130633b1a4928b4b7dd5325.jpg,0
3b5b0e03f7821476bf82b120fc5bed28.jpg,1
ab4929d530b4b92fab932e2bac4cd530.jpg,1
4ba5276ff11e6619f454bc551341212e.jpg,1
02c0030ab1bb4c45cca1afbc7dad4ad2.jpg,1
3d8f00260df8fc6ed20391eba71a04d7.jpg,0
b585aa6e6d95c388c030bc05e202d3b3.jpg,1
393ba633852649f74d19fb65cbe93f3c.jpg,1
cfa5a1da688ea48aa8bae53bf35ca23e.jpg,1
15bad492fe455b1046251f2480d0145c.jpg,1
ddda07c5ebbe485e80a1ba0b8458562b.jpg,1
ed2e437d67407923328baf6868200a46.jpg,0
58811e3b210670b92e23ff0453fdeaff.jpg,1
5b2b2809bce40a70e3da7505d72d9273.jpg,1
a9fcea66e218ae3504e86028e6249ce5.jpg,1
5c70e37d214286ccec3215972991a1fa.jpg,1
a190f970f9a521b6326451eb34228769.jpg,1
8fb51d4b10590c2cac9daaacf983a788.jpg,0
7f2f55489902caa188fd3d5735acb3bf.jpg,0
21afa64382d18c40ab5e8f5276f6575f.jpg,0
544edfe04a857a1377393372b242b549.jpg,1
f64b65906309ea82fff4c9720afc987e.jpg,1
a1de56b93d8cbe769a57a0629089e371.jpg,1
e839aa663190b3f8fada886fa330bf77.jpg,1
e8256c4aee4d8fc95f94d7686bfff71d.jpg,1
4506d9d83fbbefb6385e1f5a33d671e9.jpg,1
190a6033e791e28e898a68c817362815.jpg,1
511d29298f77432880778bc854eaef1b.jpg,1
b13cb6b440b11ee441bee24b6abf56c2.jpg,1
9f5f3ee96db0374bb1bbf04482ecc444.jpg,1
3512c85d8b2b1fbcd9675919e24da722.jpg,1
9172e9de540f2c5f04ced928c28f14a1.jpg,1
8d202198b9c215113ca51ee97d4ab26f.jpg,1
cbf5906f32dafc5406e8118ea324513b.jpg,1
085498ff2d028cae7d077497552ad5d9.jpg,1
a3e2aa648094fc998dacee0191c68c96.jpg,1
22c07c4d778ca391d9081c9ebd2afb7d.jpg,0
296110f703f3a7096af96504e67f0b36.jpg,1
fcd38758ef4381b45625b1cb0d3cbe0f.jpg,1
5fe8397065d1cf6d5357a81c3a42bff6.jpg,1
755d12016b2f6d524dc711c9bb8b5235.jpg,1
ad5e077368000d9e40711ca9bfa50de7.jpg,1
542a554f1613e9b2e51d641494168404.jpg,1
2c8594b245eb8fbd3288b4a93b2ad234.jpg,1
0285997339a86a36032922e34a5cdc82.jpg,1
c9bf293c21161be989276ada5bfd2023.jpg,0
3ff208e9455bc699c622a998e027f920.jpg,1
3a252dce3ff7b38d1236b53723e07c11.jpg,1
a6f3c82ad41c46499f2931e920c87e49.jpg,1
09b5763b65c4ff09c06405d3fb846562.jpg,1
eb75903523c876b918a344d240c20f4f.jpg,1
0dcc05f3618cbb3e96cdc45bec280f60.jpg,1
e128c5f9eb3fefa6f791a0c88bd1563e.jpg,1
3b1682417e6f08b52fda52225645d435.jpg,1
87cbb3e767c1b6a1f3f893c637d5a19f.jpg,1
bef5d5a9ca8c17cb804d7bacd3867ab5.jpg,1
834f8a4d0afa8e60c391786d7edeb515.jpg,1
8c4d2070bd927f174ccab0b2beaf55ad.jpg,1
957ccb53e754823aff72a0b83a074919.jpg,0
2f403434bbea67a0ae44ac1370d3aa43.jpg,1
04443f95252b03dbcc87755fd6528350.jpg,1
b56b6afa73d76c24f9f511a1bd2d5036.jpg,1
6ee24d370060e22e0f20a251a8cdce9b.jpg,0
ff829e97a8cc2804e09a08479a166286.jpg,1
26a4122bd58723157321eee8283547c8.jpg,1
67203a9d8b20a3ac2422c09f1155a0ff.jpg,1
6a5f1221abfe750c1a95828d2cc45b4a.jpg,1
38494ff842bacf6ceb14a14b88c02976.jpg,1
adb598a9304d4ba08468bd275e69818f.jpg,1
e3b79273f8efe6e6e4366c54a16d2f60.jpg,1
301f743c183f2bb06de40b7e6c756068.jpg,1
5ef37878ee8ea9ec9b1e77ca2a83b913.jpg,1
ddb59d24c2491760cb7d137d44d5a9a5.jpg,1
e43a9eb89ca77b8928a256f39bd18b81.jpg,1
41f4343d34454a98a55cbb9b13212343.jpg,1
c360751ce6f1be712d2e3f6be6d23071.jpg,0
9fcb858401eb1533775a5b9415f8f413.jpg,1
9fff7f7bf575ac87fd8b36a8c8757f2d.jpg,1
cb6e8a62f4d3dd1c8ac40db26aa225a5.jpg,1
4ab47354c05fe66cdf1362d1888722f6.jpg,1
bd94c609a88199d107d2f2f78cfa16b6.jpg,1
f57ee90022fe2393f8302563bbc2f8f3.jpg,1
ea0d9053f43e9c8cca01ea6505b59d8b.jpg,1
0f4d10712e8cb132079f2657c17a42d6.jpg,1
0a0ef8fbb3fe94601d0b027c5df5b5e6.jpg,1
82894934090335554b209bc02dd15381.jpg,1
e30c5ccf39661be1880c7f2ddd09c902.jpg,1
51f09cb69fef3e8aac788100f366163b.jpg,1
3750106a872c5cd7f66e3097c0fda1db.jpg,1
fbe4aff60ae0e387bd7bd6408b4417a6.jpg,0
f9e5d46c49083300e4c357ee00c15aac.jpg,1
191096f2017702296d6ced361c4b1a83.jpg,1
7d2821daf653e1db2f080191328d92f2.jpg,1
35ce12aa89811d810f0eff347f1e72ec.jpg,1
641fabcf1aba6300619462f4eb9fcb57.jpg,0
7f34e5267507becdc0d432baf2049603.jpg,1
b3a6ae86a1c6d80bbb17b9b85f68d14b.jpg,1
80dd0a93bc9e846111ad716b4d73f819.jpg,1
0b9435b126a8a29176fb58edc5b11203.jpg,1
65fb58fcf7bf152802d4df143ac3db4f.jpg,1
77bcd6f17509e717e336d5907f140ee2.jpg,1
20ac87352606d488745758152da63a49.jpg,1
f607b41d549eec29eae4dfdef783655f.jpg,1
4d4c37b59332efccd66053236ed509ad.jpg,1
67466797007fb88a8d4f61c036dfbfa2.jpg,1
a633461f563b30bf55634844a00c01e3.jpg,1
baa7d394dc8566043440c7efbc2a1928.jpg,1
d6171e71aaa787c447b52d0c0d2b6251.jpg,1
5dafd91a6b5b02bb4ca54c1ad0987cf0.jpg,0
4dc96bbadc4f029db7aabb8947f6aee2.jpg,0
6af6010dd2b9d9e6f611f5423b00025f.jpg,1
dc27d9dcd75670745b7154d2b9937310.jpg,1
8be54414f09baa6569b0e77d2e31430f.jpg,1
313f545ff4ff9e46b594ddb29b2fd66a.jpg,1
c2e47c3f0123cf21bcceea5b9726e9c1.jpg,1
87bd689dbe71d528f8cc87e0ab6dbebf.jpg,1
084111dada754e0d849b8689fae813d9.jpg,1
c93337f00060d5243a3c095b0e19b812.jpg,1
159d435c222f2f818bd67064a69577ab.jpg,1
bddbfec233c7c2b33bec6823c55c606f.jpg,0
48bb8d1c4a822abfe3ce7bce5dc2290d.jpg,1
c9b33e5c9dbfadb7d42cefd22225341b.jpg,1
6505aa5d7642aa1727d7178408139c8e.jpg,1
47f4d1e1c99f51ab97ff719349c0ba27.jpg,1
dfc43dd0cb8167a5638f627c31021211.jpg,1
e9c2bf0765d63055f9c872ff9fa701dc.jpg,1
a7022f2c45122b5ae4e681435573d4ed.jpg,1
f108780d776e0470a0a72c577e83c4fe.jpg,0
60f07e5ac146adb11e64c5b86c9016f1.jpg,1
8389a7af9ddcebe3dacdcba5a806c5f7.jpg,1
b9aaa89ba48c4624030af287b07d11b2.jpg,0
e54015c132d1e1d4be4a139661208f3b.jpg,1
eae047cc66aa83b80514148b3f21481f.jpg,1
89170e5f9a924a1dbf3aad519b8ed6d8.jpg,1
f9e4f6eae611ed27ac5232ba9c923ea5.jpg,1
4fa60a307ae8c4df7816017d3614a149.jpg,0
da47fb0285f7f3af711fb12454bc020d.jpg,1
fd1ad88cd6c76082648d063eb1ac2a57.jpg,1
26bd3c603d05d13181ed1ba9b2fe6995.jpg,0
2996c3cf679113e14b246161ccaf6183.jpg,1
cd5ef81993aab2f259ddafeb660d7d23.jpg,1
a1c2c471ce8ef427375533f9a076110b.jpg,1
b842e2471813d6175f06f296e46cf752.jpg,1
3689e346a1b0c68ee819c3f9a06b7950.jpg,1
248636148cbbee9d29109373acd775e4.jpg,0
d33c3116dd096aeb13af9cf22d02c7bc.jpg,0
dd8869cb87a17f58632c393484408c6c.jpg,1
67fe2954680b841e9cf0042c4215adac.jpg,0
3cdf98a1fe4da025057423ae84702bfc.jpg,1
db5fade0424b649fb7580b8d2c5a2790.jpg,0
918cc3707f10e0dafb8b6de3147302db.jpg,1
58405ad5a290e1f37f04903d3d6b7e91.jpg,1
c4360b510c02e39ded4f432e4ca911ee.jpg,1
f09c8d764ebce1e16d71c6dc99a52755.jpg,1
70e525a3fbbd20dc366b904ef2764511.jpg,1
f4195fd417723d9527696e36d2abea63.jpg,1
6aef4e3ac87dc80da6a4424a6a1ecc89.jpg,1
47919d317339dc0b674ea29e207dd6dc.jpg,1
713a6ededa19c5acb1f1d5a2b4d6cd0f.jpg,1
9e60098aacf981581a39247b72a8c0ea.jpg,0
e8947702c6cc2c856b0c5abfd737830e.jpg,1
d17d62fa650aa2dee81ae928cedff1b0.jpg,0
d0b59be8e49134f7fd0671464170e7fc.jpg,0
4940cdd2d4bc67baa7444c4c52f4da42.jpg,1
57dbbb9d91cb5e15d8b7d4176135ca76.jpg,0
32e8358596c648c1f132c1e588f4df9d.jpg,1
f2bf13431b6de40750e48e8ddb2bb074.jpg,1
34374d16007af2a3f20d1f1cba0ff8be.jpg,0
e2d234be3969bcfe1b927dcef416b228.jpg,1
ed807b395775c23b0ea44b419628cc32.jpg,1
be58c6c603fcc7b3986e44f5629ba761.jpg,0
b4bead284cbf0dd3e88d3c97c6125fd7.jpg,1
fa2b1d2976698e90bfabf7a71a8cde09.jpg,1
f89419ae2ea01a6fbfeaba3a4b85f71e.jpg,0
c7549e01b4d82da0429d084e6a6f877a.jpg,1
2814dc207c24515fabb5606ec5353da1.jpg,1
8d59ba91e16db94e3a31e89bfd70552e.jpg,1
25e2973a70d2a0c61f7ccae20a2c38f4.jpg,0
c07ead779b59227288bd17103f925601.jpg,1
b17270612e2457c8c353fb39021e80af.jpg,1
ad05909b08f69251e60cee53e3e2cabc.jpg,1
b6bc511ca827d38f6f9d02dc7951d5b5.jpg,1
74012b8cb29e19d41c3ea1aa739bf53c.jpg,1
6d8cc7b0746a31472e8a23c68193aaea.jpg,1
d69748820fec980f7a1d88b716db5954.jpg,1
1c088bc40322fca3fa5d20e52c1206d5.jpg,1
3a0ac134132b3032aa93cd0d1c66400a.jpg,1
1aa8ca1829572a98751031519de1f850.jpg,1
636ca59e9d9ac5e7a34a28704aea279b.jpg,1
3e9af64708d6e96b970e05f723228d96.jpg,0
b5aff5a5abb130fb41d657f57bcfd81d.jpg,1
ffc768282ee28afcf61c90cb33031b0a.jpg,1
a679b00bfd60b9b246538e0986f80138.jpg,1
dabac288c27bd68c2473bf65f6531def.jpg,1
3e80b85d0aaf1c9b6e1467800089251b.jpg,1
0c7b3983ee47da1f12f0aeb3c8f42e45.jpg,1
3c85c285740f498b20e628d990d3f8c5.jpg,0
d50c125da6b550d2437073ec85163e20.jpg,0
9b41dcbf1eb71034463f2d5def89402d.jpg,1
7ccafbce1b685b6398a8a4324966714b.jpg,1
3eb7630b38e735ff8710ea02aed7398f.jpg,0
b79df244cec4a549da44efbb5a951a4d.jpg,1
c4cb39493524710b039d137676856ab9.jpg,1
a2b0b28d8b2d0c2fe8d080e2ab8a7460.jpg,1
36d299e7c758788be33f891cea96c051.jpg,0
403a99806f81ca452dd164c96798fc32.jpg,1
adf1b96a5288f0bfb31480ae006dbcd7.jpg,1
1807eb01d21ecf506812ff61e7aa3a28.jpg,1
b79a754f45246de8063225bf9a06ac92.jpg,1
a15e7a11dc44e9cc0fdddb2154544dcb.jpg,1
92633006d82904f521294ef57b5eb748.jpg,1
9b9797d201b90343d02f70d535954004.jpg,1
4a8554ce796248c73a0ac7652deb6be1.jpg,1
d332950edfaccbb10c8ba4ff811049cf.jpg,1
18c689d79191d78ef76b5ac9dab48112.jpg,1
2acd0695a44158c3769aa12dbb6fa762.jpg,1
16709a36af7dd450c5c1af1108683515.jpg,1
ba511f5d5b207a04713bbfbd476a426f.jpg,1
affcf4d93b857447767e5af43dc1be17.jpg,1
34c461c298f8e149c6fa8f0b894eb4cb.jpg,1
707cdb9c0ed339a88f8af73e47675c7e.jpg,1
718333f8ea654c7bdd3ad851bd687811.jpg,1
abd2baf49b5f8ec87d5f02c8a06e143f.jpg,1
3c2844050aca050a5fd21c657c86a5a2.jpg,1
8164fa2d4e816dd9679e7ecc6cf27e0f.jpg,1
c2836d9b954b38a3846345f3731b4cbb.jpg,1
99029a08b85825ecc9f8a376fae4b7ce.jpg,1
e49d674d0250f011bc52204c2be872b1.jpg,0
c44fba2683d9ac9482ee36a5c1b62c57.jpg,1
a15410967337c7430de08d3bf3fbeea7.jpg,1
6091e395cdc0f2a2a4824f496a972bc7.jpg,1
eaab8f429f92969315cb88b6acc1dda2.jpg,1
e6f038bab5a801424c5db55181ea90c1.jpg,1
9dc1f51f7d027cf958f1c77109cd95dd.jpg,1
5e661d04dfa60fc6f0bcbddac2edb9f7.jpg,1
37f692721d76fbfebb0a30a410bc47ba.jpg,1
7e0ee8aaa39c7f7dac95dbfbdefdc988.jpg,1
63635a52c08a243ba0d828703e4a0608.jpg,1
044077ebe0738ab14bb1265f3cedd973.jpg,1
ab3febff65d79a5eaf0f82a4e6c535a6.jpg,1
5c9cb012e94cf106c6db76177db6816a.jpg,1
924f6dee6708db7bf7b84098b68ea7bb.jpg,1
d58e19bec007e968cea4b7a22015f810.jpg,1
97a7da7fcc64a9a9664cd857b82e1493.jpg,1
88a57732221c417b59b05fd37e1f9633.jpg,1
31c705763d680cca9ffa73039d3226a4.jpg,1
7e9328a1121a5f0d73fbd5ecb35738cb.jpg,1
16b69a4e6e02644d4d2cb6b015e6fe6e.jpg,1
c3c50179dd45710323bc9b691c484c26.jpg,1
0f035e41ad057f4965f89b0e4125af5b.jpg,1
76ebd49972a71b2eba585f8f843c7f57.jpg,1
d04364bec6bf4ca97a6f44ee4e1037b5.jpg,1
5e3a6fc2509716c7a30fc16eee9e8509.jpg,1
334b4874bc68ccb23acbfaf4a2073ab9.jpg,0
af3d9fa81642894bca3d6839c9f090f2.jpg,1
301ac8eb6875aa39693a8decd7f8e042.jpg,1
c6e8d528136fa8666f9eb1a8adff3efd.jpg,1
85aa28eaeeb27519681a588b315c2d78.jpg,1
71510f3658d8aed1c1e4791f05fd6afb.jpg,1
ff608d14b93c042da623906102d6db8c.jpg,1
1270b69a71eb24c48cc714317a52582f.jpg,1
b48e7d5840a6599251049d2d2f3dacce.jpg,1
4c4edaf13c2b18ece3f9dce232684972.jpg,1
7776bce269e2751d82276851ef55b403.jpg,1
74dca0740410e883a19d07738ae5fb62.jpg,1
2e64acf83fb0ba33a228e39284bc96f0.jpg,1
4efd88ff7212a879e6177dd72a18366b.jpg,1
ef299dbccd1284dcbc2559e3e95da410.jpg,1
b32c7b531fce1023485da671eea22ce8.jpg,1
4831a72533a61420cf1d527065c5b316.jpg,1
97994479c1f9cdf43b3f7d0ddcb9fd43.jpg,1
84e566e50707d4ff305df99399df3cc6.jpg,1
ef7c65efdffe09413fee20d5a53cdf55.jpg,1
16c9842f6a6175313a18aca5c20af655.jpg,1
3c6fddbe3b173853bd8948ae9b88f75f.jpg,1
bc1228351d3c9913774bd477968650e6.jpg,1
ccb4f6c11c2bf2b912deb743ec288e4e.jpg,1
add0497d4bec364d2058baf35e2c4e77.jpg,0
3735a57af507bc8cff189fad4ea66178.jpg,1
d60f270a611f7d02d35aee3a5f8a0449.jpg,0
25571d22704f6fd1abf23e9211855194.jpg,1
b31ddaa2b9f763db5d14351e3bf184a9.jpg,1
76996b0dbd1e74b87458bf8336908c9e.jpg,1
1a69d073a03d1633b9d79f0b35c8b292.jpg,1
2ed45025fd75e6a6d09648d0301b0d5f.jpg,1
f88b1c099f4c89b39975534e4ec760d1.jpg,1
f515adafb0b5365b53f96470af00e816.jpg,1
1a859691755d144af4d1be1294772280.jpg,1
244d3b14ef45b0786123f11de666ded8.jpg,1
146d03b0bd80f14fab8997ed3506ad69.jpg,1
f79f5e753d310b688109a336787333aa.jpg,1
9d6876435909a2186bc7635baee36b59.jpg,0
95af43210e3317fd8575e0fbcecdfbea.jpg,1
aa5f9291fe352b504e962030fe539e41.jpg,0
ca023ffd08878c03d5ca5b0416a30b26.jpg,1
35d98d9d9ca604d8b41426ff111f99b1.jpg,1
b89d7d219012e696b71606724fd758a9.jpg,1
bf86f2eeca0013d3bc2903112fc8a2c7.jpg,1
70082eb99b0ae00240eebc8c166f9fd2.jpg,1
76ffcefacbdbcd632c7b162c49b28e45.jpg,1
ecbcb265e161bf48339dc603b8c15e9a.jpg,1
285e85ab5eb9cafe43c24790b344699e.jpg,1
e3221be580f94e2801d202c885dd8ee2.jpg,0
4c5f42caae8789319cf8e96b2bed0f70.jpg,1
40fcbde6a639e896f7387d1bf3cd03af.jpg,1
a7378532ac18e2e9a747aa7bdd33dd06.jpg,1
c97798b1b32a785c6e7a49b5f7a6d131.jpg,1
e32252b9c787a062d1177eb327b3f8ef.jpg,1
629be44814eb30c8baa4b6f9a0e2389f.jpg,0
ee8c5171eb40624405acf779fcd09b7d.jpg,0
f1e4a4f217b19008ca4ea1aebb8dae9e.jpg,1
bcd9fc28dd3a07d28c0d17a4151f0885.jpg,1
7a8e13f64d4597649ab6897aff319879.jpg,0
e631a0853c367d01e3261da5f2bc37ac.jpg,1
dbefe2e1cdcc134e17eb7b719ba973e2.jpg,1
2f8f7af59bbbebb688afbbcaefdd8aaa.jpg,1
f3f7f796e7d536b0f813d3ef0fb76f94.jpg,1
7eb0179c63d110ad2ef13fd419133854.jpg,1
29e075e60415ca157f31319d7c22dcd6.jpg,1
fc2accf134bd8dcc04d4f2b2737ac59f.jpg,0
2ca35863aea8d2e781014bbeacba0e1d.jpg,1
1f6a542a55f53c85a70455ca75cd31fa.jpg,1
e828a18ce7ddfdaf561a4cad41affed2.jpg,0
e5fe7cb4301b6dc42f63beef1e5349f7.jpg,1
1cb1c351014e037c7c42a23f675c92f4.jpg,1
104eb339406a7e031297cbaee7b4f688.jpg,1
b7252874cf7ae4fb252174a5a36318c2.jpg,1
950ced03260ed2c1da66d91f0703e799.jpg,1
bc4c306ab64557d022c2c0d22c9ef25d.jpg,1
6b0a7c50a58d71bd66def90c7f9efcf3.jpg,1
8b51afeea0512ac35049ef7420fe9f38.jpg,0
19de2061babb0dea6a36cd4c751b9fe0.jpg,1
d8bd1c8b7703840f14b764b5c06bb972.jpg,0
63ba9ad38d8a4ff2fea0b1b4c477b71d.jpg,1
1a71bab1bb97a5c5bb5af1dc905268c1.jpg,0
2d03dcbf58404c66f7745aa7b77e5529.jpg,1
ec67a2ebd77b040c08b0afcdd47e1b70.jpg,0
7497adcc13ceb6c9412b60c289555517.jpg,1
1af7bbaa405f6ce7da2184067d2baf09.jpg,1
7efa6b42c6a16233bb7eb16cb3d0e45f.jpg,1
dd249b3480bbd4146d218589a272181d.jpg,1
e3d9b48cd5c3d2db0a496d426e297b44.jpg,1
3959d21bef94d5cd5738de403dcef02c.jpg,0
9a0035ab0fd59d0002989fb5276916fa.jpg,1
192df07730574b8d97660427953fe64d.jpg,1
32c9caa8ca78b4a730c5c4019f505e6f.jpg,1
038f6f736f11d8430fec4dc2d9be5d24.jpg,1
65a166238ceec97bcfddc4d55b0c8ffb.jpg,1
196ce42a8ae287c5d7f9113d0bc832a7.jpg,0
cd5763ff7176f622a01d2dc409350c0b.jpg,0
37adcc4dbe37b4914fb3e6697823a81e.jpg,1
ef4b63d3dcb8f4b6dc36f6c3435e402b.jpg,1
cd6d291fe82eef7aced93b60241f2d9c.jpg,1
cafb2fde2928c10e8ebc3f5cec52cab0.jpg,1
03b1943e682afcd4efaa94b487508a90.jpg,1
6d52ec0011ee3afe853e4cf55022a617.jpg,1
06a1c7958d8b2d772b7e66357db6d346.jpg,1
5d8a62eae0972e4152ac2cd901b9d2e4.jpg,0
4443256366eb69382719516ab501d728.jpg,1
7c06cfd095e087bae2d9e3c5d2079a47.jpg,0
1c4913e5e9e643a4e0ceae167999cbad.jpg,1
a82541f5732355d58f0048a139823d4a.jpg,0
dd1b6b777700dd017d2157212e6cf968.jpg,1
f72ceb5c4aeff2c7252a775a98826bd6.jpg,1
ebdf4c9a28348b31347346de49cfe70a.jpg,1
cfec4bd05e37acb7db51a6aa5ea05c12.jpg,1
2c9dd40bd36ae1a67814d8d3e6ff6e0a.jpg,1
262711e700440e179f847759f8ed35f0.jpg,0
8b97fede9736e7552222ca0870c17cbe.jpg,1
360fba9d03d4db1957bee23bf4885cc5.jpg,1
ed03a85faebdc9c8d5c96cb9bbab99cc.jpg,1
21f867266f075049625674068bd8ed39.jpg,1
11a212900308c2e527472b52b5cd59e9.jpg,1
547de37327a70d87967a12cbd0668eb0.jpg,1
3b37e4582f023299e4dfbef800f52b94.jpg,1
2e942ebe4e8001e335c4e0e21179080e.jpg,1
9cb7ba1c50173689309e0c8fb3a1bf1b.jpg,0
61059c2ba99b02884f00168ac269fae6.jpg,1
869219eb90cb6609cba57542fd309e24.jpg,1
d04f9b05b57cd507157211d8a4aeef54.jpg,1
73d6215c641ed88ab514d674d4347e81.jpg,1
ad60771fa1440a61ebc71f69ab1979bd.jpg,0
13e415cfbf330561fed982e523a68653.jpg,1
71b15cbcce18cce1b34be8a75d46903a.jpg,0
64048e026134f6eb423dc81efc524c97.jpg,1
49db8f6545c2c1380124ba8bc3fa8efa.jpg,1
3089f3ceb8afc3169e9ffdbc99826ee4.jpg,1
831bb4d9b7df3e159ad5068d5c3c6283.jpg,1
1dcfb5094b58b925186dc66940fb3a1f.jpg,1
ba70584b52878e245755a361baf4b2d0.jpg,0
6077d6160d6d01de94d9e36a2146c812.jpg,1
8107b8c04bfffd91a77235ce711b8783.jpg,1
de672366a13ec9255548a5342b4804b4.jpg,1
e135aa42d4507cfc4afe860888335765.jpg,1
c23a99f03aa6af3c63366854c1499268.jpg,1
028101dd3281e82e119ae748e9f043c0.jpg,1
5310641bd634e98c279ee715abf2eb56.jpg,1
fe1181c7bbf02e52d602a77a0c8af644.jpg,1
4200ded7b8d794cb5cb98ba7b92a7a88.jpg,1
74e420939f52d777b17937b8560c1aa5.jpg,0
3005ab090aaf6f05513970946354a435.jpg,1
c61be42c976ab15366a34329cfca5a47.jpg,0
b8ba6c6c054fd74876233393a86c849a.jpg,1
c425ee4defa4603627274479a3dd0e2c.jpg,1
72b80c9adcc750cd70453bd3adedaf52.jpg,1
0dd13bef042147086180a4d5ba5401a1.jpg,1
bccce8b167c2dff6045b340bb012df12.jpg,0
b3db57608d33890a391095de8ee4cc62.jpg,1
7f12918ee330b2bcefb95837860b5769.jpg,1
b08947799a64f8ba6dc30e35c112063e.jpg,1
09a4e76cecf3b8c396699b28feecdd9f.jpg,1
57c0db45de7a46e1e9807aa743bec725.jpg,0
a5559c721a1d070317d1654e9be58e1d.jpg,1
34dc25c428343adf48403d528b521c2f.jpg,0
cf62c492dfbbed66fec31f28e67a1413.jpg,1
0a0a88d3dd01d5edc6f95ed22216d4c2.jpg,1
c3738e3069d52dc3ef1f2c1493a0235a.jpg,1
e748d07c3ecd8ebb27223ca731f4bb56.jpg,1
d64fb769f1873566b24f2ae08888ac07.jpg,0
534c2ea64b45736698d0df48fae5c0ed.jpg,1
c720621489bd6ceea3677ef861ef6e9c.jpg,1
6e44d5a77865fa4c0dffd3bcdd27b623.jpg,0
620ebb994d6f07945d3efeacce8a3dd4.jpg,1
413d0b6f622bd0931161480967b51d35.jpg,0
3bd9b7b49d036377894f6d6b52dce504.jpg,1
75729cdcaa11fa78bae47378c297b4bd.jpg,1
67759ecd2de8a4aaa847aa2452f7ae62.jpg,1
fe629c6a046fc6ba0f926079c871f83a.jpg,1
7e93ed10516d6f547a3590fa8c6a9d67.jpg,1
14787fa9aad79083858cf45ef9e0f28c.jpg,1
ef26c047c4c1eed855dc488d520fdc52.jpg,1
f9b9d038ac4fe94ef2ba5392b02c6005.jpg,1
7100dba5455ace79246988b2a6c4702c.jpg,1
a91dcbfec58eaa986bd8c278edb1009c.jpg,1
18a1ceccd47189de6df638fc5eafde46.jpg,1
2743c2b4c61c97a2e0fffcc1e5d3ad0d.jpg,1
adbceb68a255108953c9ba64f14507bb.jpg,1
2c34f272ae2ef996517af091059d4daa.jpg,1
399368ca952374a6ced29df948337e2f.jpg,0
b5c44d9bda7d462009b03eafa02c807b.jpg,1
b0f58c5828bc8100de4b196638065168.jpg,1
bfb1bf8dec121360543412e5b5b989b3.jpg,0
5336b1317230358981adb68f0b2f82a5.jpg,1
f2227f5f2358be68ef7855093893533a.jpg,1
07a149ae3272fd11878b334aba143931.jpg,1
72df500fe461a5be54adf9639b7fe002.jpg,1
a57b69cc186f369a342b703c0034af64.jpg,1
39510d0474438ab76dc758d197b91dc1.jpg,1
f71fa8eecf6323399dc3c8e995643b33.jpg,1
ae8c6984c70a22784b0837fedce533b7.jpg,1
8318664d6e314b9d72b43f910f639e3f.jpg,1
076a51995d7d23b92a00e990f79750cc.jpg,1
b0b0e16333181e73000017dbc3b5e689.jpg,1
d15d190c180baf3d6109c4a737ac3e48.jpg,0
70454ef62b68138d63a5005c06410ccd.jpg,1
ce6a414daa53d652f0c7cbc8560bbc9b.jpg,1
c9fe1836c0738bc6323cfcb7416c84b2.jpg,1
982bb45fcc8eaf8b4a7cb39c3b022dce.jpg,1
35e1e58f06e2107a2c1a7616770a86c6.jpg,1
d63c81a529744c94500cbc0e62d9adfa.jpg,1
637e547c72e2748726dd7394a77f2d0e.jpg,1
3c84f357777f6a41ad33c71f3befab41.jpg,1
991819ddca5e8c9db63b7673a8718fab.jpg,1
5230040601d57318071b1ca9569a2c53.jpg,1
855a4b7a5163613c19502b551acc1991.jpg,1
5046501253182a8a6508059876cda95c.jpg,1
7f4ac36d29b4ff64d8a7e0f282b5e943.jpg,1
fa1ab73facb3f8731b3915c3288fdeea.jpg,1
7de0de4e4d34546743c65924b39c10b1.jpg,1
bc4c39825430849acec519d6aaeb4b7f.jpg,0
aa9ecb0a21f050cf4afc951b9fe555c5.jpg,0
cb54ee1a7375f2be5f69878bd2579f9e.jpg,1
2e430cf83817010e3e95230db9fed227.jpg,1
7e040c64911ac9d8d948ab8ac3d31927.jpg,1
4b9da311bac83b458a68541ab7317990.jpg,1
8fd597a07bc3f32d27e246dbe1e542c5.jpg,1
c4feec266e386b4c2a8d3e4312f1f13a.jpg,0
e965db73c91a858aab202596a66d3f3b.jpg,1
f11d3c1d2aad2e971afa045b1c4ff360.jpg,1
23e39360057aa7dd763a58b6690115cb.jpg,1
3df8aa55d4a9af83c61b51630f9902ea.jpg,1
74214f35910bd4fc33d4b859f7ef418b.jpg,1
af008ecc2263286d376e891c00bae7de.jpg,1
8aefbe110570dad8a047c1d28c14decf.jpg,1
69afd99bc97d14c90dd6d636f5c9ac2d.jpg,0
5eaeec0cb840ef8ea77d1f3c5018d961.jpg,1
51aeeb15a7be00027f2848f4fedda74e.jpg,1
fbf22559874f16cdb5f68250599a5892.jpg,1
546b9f1a7b36d36fb9093c5c39451902.jpg,1
9cf636669060c0474eedf5ebb61dcef5.jpg,1
399956f5874f1fd1f473ae2a8a63cea8.jpg,0
41f7953daa8ab353f1915c7678cd3799.jpg,1
3a0c2f94befa606a626650c5703775b7.jpg,1
05e311dc500e09f0a8817eac360934cc.jpg,1
3b13032113ed03b842c996d5bdd6d44e.jpg,1
2ded85b9df76c29a696fa00b7af69a57.jpg,1
aacd3e70615427f43ae8b37fb22f7be6.jpg,1
5de1c20d61922f304ee7895fcf876256.jpg,1
c590c0224d6544487d4c64d57bd07f4e.jpg,1
a87eac62cebfe28f3dc5c34f2da9e837.jpg,0
da6b7b29cc7166cb3a2359ef3c07b5d0.jpg,1
7782559dc6d7618ecbb72b49c1d261a0.jpg,1
b4a986e2a6be50ef71360b807443031d.jpg,1
d49fbc99725e0f3c258bc8b73228bf43.jpg,0
dc7fe4b3c90913d6902abf908e6a4169.jpg,1
cd4e6283df2936c0dd34b37e2191b43b.jpg,1
3a33fbc30a7c81eef68b3603b4550b0d.jpg,1
245c6195674ce67932c9a26f4f211363.jpg,0
8ffdd26d62a7a3792b88eec7054931c4.jpg,1
1aaa1b4983b66d99c70c7e05bad2e288.jpg,1
ee2d581fe8dfd4abde9525b452443ef5.jpg,1
6928c86a9ce5ae6bfcc35ec9bd9b8f42.jpg,0
c8b762d8d4971b727cd313bf6f0dd761.jpg,1
fbab21e5ee55592fa511b750e079b845.jpg,1
fb36506770054dec34ee2e578cad3cab.jpg,1
e0decbec204ffc8f350c82889699d765.jpg,1
af6b21c539c4f2be228e082f8ecb5bd9.jpg,1
a93694bff02dd8ded8b6c7f126b9535a.jpg,1
0a6664d3bbe10efd1ed21688c0e74114.jpg,1
bf449a92c590642e5abd5df0b8c4b46d.jpg,1
450467b5006f8dbe34da9ce3d9229265.jpg,0
985a1264d3a453768d3647e3ac15ad7e.jpg,1
f3c9b7ab1bbe62d18b0db650acfcb78d.jpg,0
b4966b9a197a12d6deab6e6087dee86c.jpg,1
895f06fe515aa8877ac5fcdff1d99714.jpg,1
2cd8952f3befcd3bd9821e83bdac4335.jpg,1
c1d16032a3b1c6d2c057ba28976d8673.jpg,1
6e43dcfe4b1f402dd1363c1c017bd36b.jpg,1
ae6bdefbe4b5ef812e28dcb750480a63.jpg,1
1dad90230371807c5ce4115b598463e5.jpg,0
0cdfc141f44dd52e2fc4e0cb1c960aa8.jpg,0
5fb31558597e99838c82e4d004bfa8c4.jpg,1
16c5cf3b11bb6e164d9ef486a60d2a43.jpg,1
df8df4941168c4a98ab20b17a20419ca.jpg,1
ec25cc04ef2cee42f1ab05f8027acaa3.jpg,1
e0af6480d000a8b7b1b056c0e5e56a59.jpg,1
11ed207fc853e39c4f618a7897e42504.jpg,1
309f35d8c9e3d00557b4fcf8d2f09eff.jpg,0
c580a57aced054a10e7967a3ad228849.jpg,1
758d967cac6795f8cd2e3a8dba1dd284.jpg,1
7909265c1299a32eeac8544c7301229e.jpg,0
ccb6efe2584c423a03dafaa0d8e60b1f.jpg,1
704bef3366a31d02539ed2218c103cbc.jpg,0
7ef268cc6490653fdb177475fc5edc2b.jpg,1
b36c875e6935d682b0d91cf50f4af72b.jpg,1
e963418586571463e99ad495f882f6f4.jpg,1
3555c42173b2b0d7aaf1b8ed7310019c.jpg,1
bd59075dd8a02a39544536dc15ec6190.jpg,0
034d766eb640497dcffb6e8a37d8ddc9.jpg,0
02d23e147cd18c2ceb0777e3e08c384f.jpg,1
dedc895918c1e7a43b7d48e4ef03cfff.jpg,1
21f4a3196b537f99f813ea32d0dbd402.jpg,0
5fe44e98599a87e7f3760e5d77b383bc.jpg,0
27ad30276fd408632c5cd058c22577b6.jpg,1
a32da52b9839283b96a53006ed500b56.jpg,1
344d1652530cc0f9f15b065bdba896e4.jpg,1
a171f7f6c7b6eaf1d3d9ad789e4fa387.jpg,0
d9d1f3e08c50d8528cb67ae48aab638e.jpg,1
fe89dae58ffff5a5d80e15386b16799d.jpg,1
5f3a37f4656530ac9558e8c3d5fa61e5.jpg,1
6d2c6f3eebc5b6b37c2fdeaf7353ed75.jpg,1
57afa9efa72a188af99fb3314d4339bb.jpg,0
6d3b9cbecb97c9768803e95ea3bbe4c7.jpg,1
ac3a30dfa068e4a06fa357909e7d28bd.jpg,0
1a174f4698f43d5aefabb1c73f10baa0.jpg,1
6aae419096a2bd35ae0368a688339d7e.jpg,0
d887afa596f8c17b8e8c46f0caab514e.jpg,0
2ac2ddd11fe853ec8446fd247fed186a.jpg,1
616822c6932b1fca497cb561969e8c1d.jpg,0
10098565a0975a2dc841138cfc8d7838.jpg,1
bb879b8868acd0d0eb7bb90ec594363e.jpg,1
02f6a702a30b8bce2e4064efd7a4ab1f.jpg,1
ac27ac88b6a13a6c0bf58bcfc663ac6e.jpg,1
20af67794c8bac3b2c1a6f093bc7301b.jpg,1
c9723e0a5c3992c6003bdffd94993301.jpg,0
cc8bd64397be159c296059a6f4377210.jpg,1
017af7b414ceb1966bbbe076ee824c96.jpg,1
e0038d49a08e2b26035dfdced38cda45.jpg,1
9eb646520ce7ad8a5de6a51c3b99ee58.jpg,1
36beb2776150abe5cb6610a6aee407e7.jpg,1
c58a77a3e01d04d33232a05e56e5bb20.jpg,1
2ea24ab92b1a7af7fe72094266db5ccf.jpg,1
5e8f829a6802836f5e03a8098b95000d.jpg,1
9678bb3404763ed8bdc7994dcbacf2eb.jpg,1
916345535944792438a5453742655dab.jpg,1
43cf3028f954f6062cc11ffdf0d9e92b.jpg,1
d385f3e2023a23d868d50ab04ff9c764.jpg,0
569092e04fe66cff39d54363801e407c.jpg,1
e89cf8f083de3bf1acd7979df945d0e0.jpg,1
755ee59912e3041a2823ac7780a18dd2.jpg,0
3047ac5fb2064db6746dcb9b1af3c1dc.jpg,1
1be2fb280d84d590f25c0833c735d150.jpg,1
f48286c0c030e21b1847c195957eeeff.jpg,1
b768d547c0df3a138556a052733450b4.jpg,1
6560f9060aa3e142f5497abc523de521.jpg,1
2fe22584b2e14b2ef730be33d60c0d12.jpg,1
59a230b05cf5b1fac31db5f017d6bd06.jpg,1
484706d78a0aefb608d2a5d73d131f56.jpg,1
2dacc5fc66bae17c71e07e52c2907c1b.jpg,1
712de168eeb6118e87ecf5803a224565.jpg,1
4ce3bb3b232cb037260b6bf71ad423c1.jpg,1
476614792e80e2cfb4d69033fce45ec4.jpg,1
7d74cf147792474fd335960680512799.jpg,0
21a1afc97ad311cb4da88d0ed061d4b0.jpg,0
2ab6a9d7694ed00a26f21bf73cc1917e.jpg,0
6762f99436f19244c9cc1525f258c80e.jpg,0
28ebde234e2f7c60aa4784a2cf369fd6.jpg,0
19a3b8427d5a838d3cc6001cee4d7fc0.jpg,1
09e300918fe2b5ededf8a6ec484f7c0f.jpg,1
974450fd99a73c4d199f25808957598b.jpg,0
e6caf165ed91800a95b4f592c59953b0.jpg,0
3c18ed4acc7d4400ea61647c63b0e4c5.jpg,1
ada0cd7ffb25f3a00a4c7a9f26cdc1e9.jpg,1
553e76f5f1644909f845e59d6fa2b12f.jpg,1
e47680af0741f890f53b99c1cfef545a.jpg,0
93d033859e94883be4552683ed422a7d.jpg,0
0ffdf968554ce633cd1e3e4a81c94e7e.jpg,1
952d747de2f66425c7600c794ae9361b.jpg,0
fcdf42e6c117ee2ab72c34b661ac97e0.jpg,0
fc5da7e08fd18d178262a5b326a3af24.jpg,1
27b8a10f70ba4b333a7569a11070b241.jpg,1
dd5703574c5725bc4b960b58fb6c5b3a.jpg,1
33c907f463505d5660c1ad23d42c8a88.jpg,1
1b5d69c2aaa801de91c313bdbc88e3ea.jpg,1
327207c5cc931ee86811346d2d717a09.jpg,1
eb4ae674562a186f351ddb2aba4db872.jpg,1
9d4c92d414dee1ad31e5b4cd58d2ace3.jpg,1
840aad3cd0107c18de04b79bc8cf1e5b.jpg,1
3448fdfcb36175cbe92c1e45413e2561.jpg,1
5a6860803a1cac56e4d0a9dc287466d3.jpg,1
a38a30d6fa7e76c79245882b133e7297.jpg,1
123e256034ffcb0fe03043d44dd2248e.jpg,0
1e919932ec9855ca1e6f0e1ba0c569b4.jpg,1
3680603d836889b26e0a6544a3eb1ef2.jpg,1
468bdf5b147699b6f76024e6ffbf584f.jpg,1
24d1c9126c9a0fa4294771d5864298be.jpg,1
88b02c8c54c4582747b33dcf78360678.jpg,0
53e88167013f202d8698c4c5f15d251c.jpg,1
1b51b6d400fd1a7aa798bb897b6ba9d9.jpg,1
cf61eba134f61e1c7a61494ac331c3d1.jpg,1
62410a7432300ad606bf6cb90532a411.jpg,1
65ba260db8cdcaff67124beeaff20873.jpg,1
f1d020330c0e9866921787e981c827dd.jpg,1
61987f06be8672672880f0bf6717e5b6.jpg,0
b3dc0bfd38d445e13dbcdf1a8d2baebb.jpg,0
e0e2a02dfaf69a5d6297b777b87658bf.jpg,1
6189ab47e49938d4b72b15f2dd3bc3a1.jpg,1
92bf2aa94f61053785f3c1695f71ad39.jpg,1
fcac89ed547ee8e3031034d67d258f89.jpg,0
b3e1b5a287798674862784668ff5c69a.jpg,1
eb8aa94773cdde62b528017be480a118.jpg,1
f321db22aa5f7cb8c024f15fd92f615f.jpg,1
78116a57a254c766ee5943c5c13e7764.jpg,1
706442a7d337c3a616b55a84b41770cb.jpg,0
e3c5713faacdc81547eea5cc79cc1921.jpg,1
b0351547e2aa0348f9b064dbd95ce770.jpg,0
ad196a3bf7e7e9736663f72594b622fe.jpg,1
ce9c727345d1ab3a931bafbd3d93c84a.jpg,1
8aef28748d9dda11dd97cf1bf67d8380.jpg,1
a11e5fb1f193e8011d6dbcea0a5b796e.jpg,1
cf1b0c02528efda6cbd1dc211bd3d1b6.jpg,1
07dc1727aac3481058bd77418e0c431f.jpg,1
b4efa772010b311709fa6699bc31aefb.jpg,1
dd2811be792d2f386cd9c1927835ac51.jpg,1
e71ae7f27d4fca430bf2bdfd570eace5.jpg,0
